"*Water Quality Guideline (Class C, DAO 2016-08):",,,,,,5,6.5-9.0,25-31,7,80,75,200,7,0.5,7,0.5,350
"CY 2012 JANUARY",,,,,,,,,,
1,,4.08,,,,,,,,
2,,2.3,,,,,,,,
3,,1.4,,,,,,,,
4,,1.9,,,,,,,,
5,,1.7,,,,,,,,
"CY 2012 FEBRUARY",,,,,,,,,,
1,,4.5,,,,,,,,
2,,2.1,,,,,,,,
4,,2.1,,,,,,,,
5,,1.2,,,,,,,,
"CY 2012 MARCH",,,,,,,,,,
1,,2.26,,,,,,,,
2,,1.7,,,,,,,,
3,,1.46,,,,,,,,
4,,1.7,,,,,,,,
5,,1.6,,,,,,,,
"CY 2012 APRIL",,,,,,,,,,
1,,1.9,,,,,,,,
2,,1.4,,,,,,,,
3,,1.2,,,,,,,,
4,,1.8,,,,,,,,
"CY 2012 MAY",,,,,,,,,,
1,,3.2,,,,,,,,
3,,1.7,,,,,,,,
4,,2.2,,,,,,,,
5,,1.4,,,,,,,,
"CY 2012 JUNE",,,,,,,,,,
1,,2.8,,,,,,,,
2,,1.8,,,,,,,,
4,,1.6,,,,,,,,
5,,1.1,,,,,,,,
"CY 2012 JULY",,,,,,,,,,
2,,3.1,,,,,,,,
3,,3,,,,,,,,
4,,3.7,,,,,,,,
5,,4.6,,,,,,,,
"CY 2012 AUGUST",,,,,,,,,,
1,,1.6,,,,,,,,
4,,1.5,,,,,,,,
5,,1.3,,,,,,,,
"CY 2012 SEPTEMBER",,,,,,,,,,
1,,2.3,,,,,,,,
2,,2.7,,,,,,,,
4,,1.1,,,,,,,,
"CY 2012 OCTOBER",,,,,,,,,,
1,,1.4,,,,,,,,
3,,1.1,,,,,,,,
4,,1.2,,,,,,,,
"CY 2012 NOVEMBER",,,,,,,,,,
1,,1.5,,,,,,,,
2,,1.1,,,,,,,,
4,,1,,,,,,,,
"CY 2012 DECEMBER",,,,,,,,,,
1,,1.7,,,,,,,,
2,,1.5,,,,,,,,
3,,1.3,,,,,,,,
"CY 2013 JANUARY",,,,,,,,,,
1,"10:31 AM",1.9,8.6,,0.161,114,,,5.002,
2,"11:02 AM",1.4,7.8,,0.316,48,,,3.523,
3,"11:22 AM",1.2,8,,0.228,37,,,3.101,
4,"12:01 PM",1.3,7.9,,0.224,34,,,3.206,
5,"12:20 PM",1.1,8.2,,0.183,30,,,3.154,
"CY 2013 FEBRUARY",,,,,,,,,,
1,"10:55 AM",1.01,8.49,,0.161,77,,,6.247,
2,"11:35 AM",0.92,8.16,,0.359,72,,,2.289,
3,"11:53 AM",0.73,8.07,,0.073,64,,,21.756,
4,"12:14 PM",0.56,8.7,,0.112,52,,,4.088,
5,"12:35 PM",1,8.79,,0.054,53,,,2.973,
"CY 2013 MARCH",,,,,,,,,,
1,"10:43 AM",1.4,8.6,,0.173,121,,,4.384,
2,"11:15 AM",1.3,8.4,,0.049,58,,,3.43,
3,"11:40 AM",1.2,8.3,,0.06,48,,,3.728,
4,"12:08 PM",1.1,8.2,,0.059,53,,,3.311,
5,"12:24 PM",1.01,8.1,,0.062,58,,,3.251,
"CY 2013 APRIL",,,,,,,,,,
1,"10:35 AM",1.2,8.1,,0.297,43,,,6.242,
2,"11:00 AM",0.8,8.2,,0.206,60,,,2.308,
3,"11:28 AM",0.9,8.4,,0.117,280,,,2.343,
4,"11:54 AM",1.1,8.1,,0.106,56,,,4.024,
5,"12:18 AM",1.3,8.2,,0.089,58,,,2.951,
"CY 2013 MAY",,,,,,,,,,
1,"10:45 AM",1.7,8.6,,0.231,145,,,0.9,
2,"11:00 AM",1.3,8.1,,0.114,90,,,1.125,
3,"11:26 AM",1.2,8.03,,0.106,80,,,1.075,
4,"11:57 AM",1.1,8.3,,0.148,20,,,0.25,
5,"12:13 PM",0.9,8.5,,0.141,80,,,0.25,
"CY 2013 JUNE",,,,,,,,,,
1,"11:45 AM",2.1,8.07,,0.168,28,,,4.665,
2,"11:05 AM",1.1,8.09,,0.378,38,,,3.708,
3,"11:36 AM",1.4,8.04,,0.294,31,,,3.315,
4,"11:59 AM",1.2,8.1,,0.569,33,,,3.765,
5,"12:23 PM",0.9,8,,0.41,40,,,3.089,
"CY 2013 JULY",,,,,,,,,,
1,"10:46 AM",1.6,7.9,,0.264,5,,,1.377,
2,"11:20 AM",1.1,7.6,,0.265,29,,,1.139,
3,"11:50 AM",1.2,6.6,,0.121,11,,,1.496,
4,"12:16 PM",1.3,6.8,,0.139,19,,,1.536,
5,"12:36 PM",0.9,6.4,,0.598,11,,,1.457,
"CY 2013 AUGUST",,,,,,,,,,
1,"9:57 AM",1.8,6.4,,0.334,21,,,0.834,
2,"10:22 AM",1.6,6.6,,0.09,24,,,0.967,
3,"10:35 AM",1.9,6.3,,0.042,19,,,0.984,
4,"10:56 AM",1.4,6.2,,0.037,21,,,1.067,
5,"11:13 AM",1.2,6.3,,0.031,17,,,1.067,
"CY 2013 SEPTEMBER",,,,,,,,,,
1,"10:37 AM",2.8,6.1,,0.5,60,,,0.333,
2,"11:03 AM",1.8,6.2,,0.305,55,,,0.35,
3,"11:34 AM",1.1,6.3,,<0.05,30,,,0.4,
4,"12:05 PM",1.2,6.2,,<0.05,40,,,0.467,
5,"12:26 PM",0.9,6.1,,<0.05,25,,,0.6,
"CY 2013 OCTOBER",,,,,,,,,,
1,"10:44 AM",3.78,6.95,,0.342,44,,,0.149,
2,"11:10 AM",2.81,7.1,,0.65,35,,,0.196,
3,"11:47 AM",1.73,6.8,,0.144,13,,,0.307,
4,"12:12 PM",1.6,6.9,,0.119,24,,,0.529,
5,"12:25 PM",1.4,6.82,,0.138,37,,,0.576,
"CY 2013 NOVEMBER",,,,,,,,,,
1,"11:20 AM",3.1,7.78,,0.285,11,,,1.117,
2,"11:31 AM",1.1,7.26,,0.259,34,,,1.601,
3,"11:52 AM",1.2,7.21,,0.252,23,,,1.501,
4,"12:06 PM",0.9,7.51,,0.249,27,,,1.067,
5,"12:18 PM",0.8,7.89,,0.379,21,,,1.067,
"CY 2013 DECEMBER",,,,,,,,,,
1,"9:40 AM",0.85,8.51,,0.134,25,,,4.68,
2,"10:12 AM",0.25,7.94,,0.272,74,,,1.414,
3,"10:37 AM",0.45,8.05,,0.075,29,,,1.522,
4,"11:08 AM",0.46,8.6,,0.156,38,,,3.088,
5,"11:34 AM",0.53,8.94,,0.105,24,,,2.548,
"CY 2014 JANUARY",,,,,,,,,,
1,"10:31 AM",0.15,8.57,,0.102,7,,,0.956,
2,"11:04 AM",0.1,7.87,,0.102,18,,,0.293,
3,"11:34 AM",0.16,7.95,,0.1,39,,,0.315,
4,"12:01 PM",0.28,8.54,,0.099,27,,,0.635,
5,"12:23 PM",0.39,8.7,,0.134,17,,,0.525,
"CY 2014 FEBRUARY",,,,,,,,,,
1,"10:35 AM",0.58,8.56,,1.009,64,,,1.17,
2,"11:05 AM",0.37,8.15,,0.358,40,,,1.091,
3,"11:20 AM",0.16,8.05,,0.741,24,,,2.222,
4,"12:00 PM",0.45,8.47,,0.741,39,,,2.406,
5,"12:24 PM",0.39,8.4,,0.741,25,,,2.433,
"CY 2014 MARCH",,,,,,,,,,
1,"10:07 AM",1.6,8.65,,0.111,26,,,3.653,
2,"10:46 AM",0.2,8.25,,0.519,56,,,1.452,
3,"11:16 AM",0.26,8.12,,0.519,29,,,1.303,
4,"12:05 PM",0.45,8.47,,<0.048*,31,,,2.01,
5,"12:24 PM",0.43,8.49,,0.184,27,,,1.992,
"CY 2014 APRIL",,,,,,,,,,
1,"9:23 AM",1.45,8.46,,0.284,16,,,5.679,
2,"10:10 AM",0,8.36,,1.113,118,,,2.454,
3,"10:47 AM",0.15,8.15,,0.516,29,,,2.947,
4,"11:48 AM",0.08,8.19,,0.514,48,,,3.163,
5,"12:04 PM",0.1,8.33,,0.564,43,,,3.217,
"CY 2014 MAY",,,,,,,,,,
1,"12:30 PM",2.13,8.35,,0.268,8,,,2.976,
2,"1:04 PM",0,7.65,,0.288,89,,,1.636,
3,"1:31 PM",0.09,7.54,,0.274,27,,,1.428,
4,"1:49 PM",0.09,7.59,,0.205,39,,,2.227,
5,"2:10 PM",0.14,7.74,,0.194,28,,,2.46,
"CY 2014 JUNE",,,,,,,,,,
1,"10:53 AM",2.9,8.32,,0.743,19,,,0.292,
2,"11:24 AM",0.28,7.38,,0.279,24,,,0.195,
3,"11:48 AM",0.35,7.31,,0.234,28,,,0.206,
4,"12:15 PM",0.1,7.47,,0.142,13,,,0.166,
5,"12:35 PM",0.21,7.3,,0.145,21,,,0.753,
"CY 2014 JULY",,,,,,,,,,
1,"8:50 AM",2.1,7.75,,0.217,9,,,0.919,
2,"9:19 AM",1.08,7.73,,1.103,24,,,1.335,
3,"9:45 AM",0.32,7.4,,1.218,33,,,1.33,
4,"10:11 AM",0.21,7.07,,1.146,20,,,0.898,
5,"10:34 AM",0.32,7.18,,1.166,21,,,0.89,
"CY 2014 AUGUST",,,,,,,,,,
1,"10:30 AM",1.1,7.96,,0.315,27,,,4.333,
2,"10:50 AM",0.29,7.41,,0.241,19,,,3.097,
3,"11:30 AM",0.41,7.42,,0.315,26,,,3.19,
4,"12:01 PM",0.11,7.58,,0.296,14,,,3.174,
5,"12:15 PM",0.32,7.39,,0.426,19,,,3.129,
"CY 2014 SEPTEMBER",,,,,,,,,,
1,"11:50 AM",2.5,7.97,,0.185,11,,,6.13,
2,"12:15 PM",0.44,7.54,,0.218,5,,,8.134,
3,"12:40 PM",0.39,7.72,,0.152,8,,,5.407,
4,"1:01 PM",0.31,7.8,,0.287,5,,,1.8,
5,"1:16 PM",0.22,7.82,,0.213,6,,,1.494,
"CY 2014 OCTOBER",,,,,,,,,,
1,"9:45 AM",3.2,7.82,,0.419,10,,,1.035,
2,"10:20 AM",0.31,7.59,,0.362,23,,,1.124,
3,"10:50 AM",0.51,7.57,,0.199,13,,,1.029,
4,"11:11 AM",0.15,7.46,,0.282,11,,,0.928,
5,"11:30 AM",0.18,7.71,,_,13,,,_,
"CY 2014 NOVEMBER",,,,,,,,,,
1,"10:31 AM",0.8,8.17,,0.617,17,,,5.321,
2,"10:49 AM",0.05,7.64,,0.381,33,,,4.294,
3,"11:12 AM",0,7.79,,0.574,35,,,4.508,
4,"11:35 AM",0,7.91,,0.619,16,,,4.465,
5,"11:54 AM",0,7.94,,0.4,15,,,4.396,
"CY 2014 DECEMBER",,,,,,,,,,
1,"9:35 AM",1.16,7.71,,0.159,22,,,2.641,
2,"9:54 AM",0.1,7.62,,0.212,23,,,2.382,
3,"10:19 AM",0,7.92,,0.309,26,,,2.635,
4,"10:41 AM",0,7.98,,0.346,17,,,2.573,
5,"10:56 AM",0,8.09,,0.175,27,,,2.604,
"CY 2015 JANUARY",,,,,,,,,,
1,,0,,,,-,,,,
2,"10:55 AM",0,7.91,,<0.048*,22,,,2.262,
3,,0,,,,-,,,,
4,"11:21 AM",0,8.29,,<0.048*,20,,,2.248,
5,"11:43 AM",0,8.45,,<0.048*,15,,,2.306,
"CY 2015 FEBRUARY",,,,,,,,,,
1,"10:31 AM",0.25,7.89,,0.12,20,,,7.438,
2,"10:53 AM",0.15,7.28,,0.126,26,,,5.32,
3,"11:20 AM",0.14,8.04,,0.136,22,,,5.281,
4,"11:37 AM",0.1,8.13,,0.144,20,,,5.295,
5,"11:50 AM",0.9,8.05,,0.19,27,,,5.342,
"CY 2015 MARCH",,,,,,,,,,
1,"11:10 AM",0.72,7.89,,_,20,,,_,
2,"11:31 AM",0.32,7.56,,0.243,23,,,2.401,
3,"11:52 AM",0.26,7.41,,0.328,24,,,2.437,
4,"12:14 PM",0.21,8.11,,0.209,27,,,2.537,
5,"12:29 PM",0.13,8.29,,0.31,23,,,2.506,
"CY 2015 APRIL",,,,,,,,,,
1,"10:50 AM",0.5,7.97,,0.261,20,,,4.829,
2,"11:11 AM",0.04,7.34,,0.272,22,,,2.367,
3,"11:35 AM",0.03,7.89,,0.23,25,,,2.451,
4,"11:56 AM",0.04,7.96,,0.255,27,,,2.475,
5,"12:13 PM",0.03,7.98,,0.414,27,,,2.575,
"CY 2015 MAY",,,,,,,,,,
1,"10:21 AM",0.89,8.08,,0.624,30,,,1.895,
2,"10:48 AM",0.31,7.41,,0.404,28,,,2.439,
3,"11:08 AM",0.28,7.22,,0.403,33,,,2.32,
4,"11:29 AM",0.25,7.46,,0.421,34,,,2.249,
5,"11:50 AM",0.21,7.21,,0.34,31,,,2.454,
"CY 2015 JUNE",,,,,,,,,,
1,"11:01 AM",1.5,7.21,,<0.048*,24,,,1.773,
2,"11:32 AM",0.22,7.1,,<0.048*,53,,,1.487,
3,"11:43 AM",0.42,7.01,,<0.048*,67,,,1.524,
4,"12:10 PM",0.31,7.3,,<0.048*,57,,,1.582,
5,"12:31 PM",0.12,7.31,,<0.048*,63,,,1.723,
"CY 2015 JULY",,,,,,,,,,
1,"10:01 AM",1.52,7.67,,<0.048*,19,,,1.318,
2,"10:21 AM",1.08,7.49,,<0.048*,21,,,0.595,
3,"10:45 AM",0.61,7.46,,<0.048*,22,,,0.467,
4,"11:08 AM",0.5,7.53,,<0.048*,25,,,0.815,
5,"11:30 AM",0.73,7.45,,<0.048*,28,,,0.349,
"CY 2015 AUGUST",,,,,,,,,,
1,"11:09 AM",3.2,7.15,,0.193,20,,,1.132,
2,"11:30 AM",0.8,7.3,,<0.048*,23,,,1.111,
3,"11:55 AM",0.54,7.25,,<0.048*,24,,,1.043,
4,"12:19 PM",0.75,7.23,,<0.048*,27,,,0.963,
5,"12:35 PM",0.73,7.5,,<0.048*,30,,,1.019,
"CY 2015 SEPTEMBER",,,,,,,,,,
1,"10:15 AM",2.7,7.76,,0.366,24,,,0.568,
2,"10:36 AM",0.38,7.56,,<0.048*,22,,,0.522,
3,"10:56 AM",0.2,7.55,,<0.048*,27,,,0.52,
4,"11:16 AM",0.41,7.35,,0.135,30,,,0.52,
5,"11:32 AM",0.23,7.34,,0.056,31,,,0.521,
"CY 2015 OCTOBER",,,,,,,,,,
1,"12:30 PM",2.71,7.01,,0.212,3,,,0.967,
2,"12:50 PM",0.05,6.98,,0.132,13,,,0.621,
3,"1:11 PM",0.6,6.96,,0.095,18,,,0.766,
4,"1:30 PM",0.25,7.03,,0.097,18,,,0.699,
5,"1:50 PM",0.21,7.14,,0.061,20,,,0.673,
"CY 2015 NOVEMBER",,,,,,,,,,
1,"9:55 AM",0.4,8.27,,0.175,18,,,3.79,
2,"10:19 AM",0.15,7.73,,0.441,29,,,2.023,
3,"10:35 AM",0,7.73,,0.302,30,,,2.343,
4,"10:58 AM",0,7.79,,0.403,25,,,2.261,
5,"11:17 AM",0,8.03,,0.405,30,,,2.2,
"CY 2015 DECEMBER",,,,,,,,,,
1,"10:47 AM",0.5,8.39,,<0.048*,35,,,4.705,
2,"11:10 AM",0.1,7.7,,<0.048*,28,,,2.583,
3,"11:38 AM",0.1,7.73,,<0.048*,31,,,2.342,
4,"11:59 AM",0,7.77,,<0.048*,33,,,2.631,
5,"12:18 PM",0,7.87,,<0.048*,33,,,2.342,
"CY 2016 JANUARY",,,,,,,,,,
1,"11:50 AM",1.12,8.65,,<0.048*,37,,,5.196,
2,"12:09 PM",0.24,7.92,,<0.048*,45,,,2.099,
3,"12:29 PM",0.21,7.93,,<0.048*,51,,,3.045,
4,"12:53 PM",0.31,7.98,,<0.048*,52,,,2.076,
5,"1:10 PM",0.18,7.91,,<0.048*,40,,,2.163,
"CY 2016 FEBRUARY",,,,,,,,,,
1,"10:31 AM",0.66,8.49,,0.318,8,,,5.26,
2,"10:25 AM",0.15,8.07,,0.165,22,,,2.956,
3,"11:20 AM",0.23,8.12,,0.17,30,,,2.67,
4,"11:41 AM",0.17,7.98,,0.132,27,,,2.64,
5,"12:02 PM",0.11,8.02,,0.566,26,,,3.214,
"CY 2016 MARCH",,,,,,,,,,
1,"11:20 AM",2.5,6.9,,0.301,14,,,4.919,
2,"11:48 AM",0.8,6.69,,0.135,16,,,2.233,
3,"12:09 PM",0.91,7.01,,0.12,19,,,2.377,
4,"12:31 PM",0.95,7.1,,0.382,16,,,2.44,
5,"12:50 PM",0.84,7.1,,<0.048*,21,,,2.615,
"CY 2016 APRIL",,,,,,,,,,
1,"11:01 AM",0.74,7.65,,<0.048*,11,,,4.625,
2,"11:25 AM",0.7,7.48,,<0.048*,19,,,2.035,
3,"1:46 AM",0.5,7.58,,<0.048*,22,,,2.187,
4,12:06PM,0.5,7.19,,<0.048*,22,,,2.239,
5,"12:29 PM",0.45,7.28,,<0.048*,28,,,2.009,
"CY 2016 MAY",,,,,,,,,,
1,"11:02 AM",0.8,6.97,,<0.048*,11,,,4.558,
2,"11:23 AM",0.3,6.96,,0.395,16,,,2.265,
3,"11:45 AM",0.3,6.85,,0.366,18,,,2.451,
4,"12:08 PM",0,7.05,,0.33,18,,,2.202,
5,"12:29 PM",0,6.98,,0.429,22,,,2.17,
"CY 2016 JUNE",,,,,,,,,,
1,"11:25 AM",2.95,8.11,,0.247,11,,,0.59,
2,"11:52 AM",1.06,7.69,,<0.048*,17,,,1.354,
3,"12:12 PM",0.76,6.98,,0.1,19,,,1.038,
4,"12:35 PM",0.59,7.41,,<0.048*,18,,,1.179,
5,"12:54 PM",0.65,7.15,,<0.048*,28,,,1.225,
"CY 2016 JULY",,,,,,,,,,
1,"10:00 AM",3.52,7.95,,0.499,12,,,0.974,
2,"10:21 AM",0.098,8.13,,0.197,20,,,1.471,
3,"10:42 AM",0.8,8.16,,0.23,21,,,1.486,
4,"11:05 AM",0.9,7.97,,0.144,34,,,1.328,
5,"11:26 AM",0.76,7.87,,0.229,39,,,1.41,
"CY 2016 AUGUST",,,,,,,,,,
1,"10:45 AM",3.5,7.74,,"< 0.048*",13,,330000,1.161,45
2,"11:16 AM",1,7.2,,0.261,17,,2800000,0.915,84
3,"11:36 AM",0.6,7.22,,0.299,27,,9200000,0.728,74
4,"11:58 AM",0.5,7.2,,"< 0.048*",33,,9200000,0.848,69
5,"12:18 PM",0.5,7.21,,"< 0.048*",,,2800000,0.696,74
"CY 2016 SEPTEMBER",,,,,,,,,,
1,"10:12 AM",1.9,7.05,,"< 0.048*",16,,1700000,1.664,35.000
2,"10:32 AM",0.9,6.95,,0.194,36,,920000,1.642,99
3,"10:57 AM",0.8,6.98,,"< 0.048*",32,,1100000,1.144,94
4,"11:18 AM",1,7.01,,0.186,31,,540000,1.572,89
5,"11:35 AM",0.8,6.98,,"< 0.048*",33,,3500000,1.355,99
"CY 2016 OCTOBER",,,,,,,,,,
1,"12:30 PM",3.3,7.95,,0.206,25,,35000000,0.13,30
2,"12:50 PM",0.9,7.89,,0.097,36,,920000000,0.112,79
3,"1:18 PM",0.5,7.92,,0.067,33,,>160000000,0.113,129
4,"1:35 PM",0.5,7.89,,0.058,37,,35000000,0.085,129
5,"1:59 PM",0.5,7.88,,0.49,38,,54000000,0.105,69
"CY 2016 NOVEMBER",,,,,,,,,,
1,"10:38 AM",1.3,7.98,,0.074,23,,9200000,2.774,99
2,"11:00 AM",1.5,8.01,,<0.048*,32,,2400000,1.278,854
3,"11:21 AM",0.9,7.99,,<0.048*,19,,54000,1.404,993
4,"11:41 AM",0.5,7.97,,<0.048*,32,,16000000,1.020,993
5,"11:59 AM",0.6,7.89,,<0.048*,27,,46000,1.437,1092
"CY 2016 DECEMBER",,,,,,,,,,
1,,,,,,,,,,
2,,,,,,,,,,
3,,,,,,,,,,
4,,,,,,,,,,
5,,,,,,,,,,
"CY 2017 JANUARY",,,,,,,,,,
1,"11:10 AM",2.8,7.1,26.2,<0.048*,23,40,170000,2.757,83
2,"11:30 AM",1.0,6.9,26.8,0.421,17,25,24000000,1.444,787
3,"11:51 AM",0.9,7.01,27.2,0.608,17,30,13000000,1.391,826
4,"12:16 PM",0.9,6.95,26.9,0.197,17,40,9200000,1.231,777
5,"12:37 PM",0.8,7.02,27.3,0.264,17,30,24000000,1.160,826
"CY 2017 FEBRUARY",,,,,,,,,,
1,"11:04 AM",4.48,7.15,26.1,0.305,21,80,6300000,5.051,146
2,"11:14 AM",0.65,7.19,29.6,<0.048*,110,150,16000000,1.6,175
3,"12:05 PM",0.76,7.20,27.0,<0.048*,42,40,16000000,1.264,68
4,"12:26 PM",0.60,7.31,28.7,<0.048*,61,60,9200000,1.433,"1,098"
5,"12:50 PM",0.68,7.42,29.5,<0.048*,39,80,4600000,1.502,"2,283"
"CY 2017 MARCH",,,,,,,,,,
1,"9:53 AM",0.89,7.81,27.70,0.185,21,75,17000000,4.606,119
2,"10:21 AM",0.98,7.43,31.03,0.207,50,200,11000000,2.185,1390
3,"10:43 AM",0.85,7.42,31.10,0.166,25,150,11000000,2.133,1290
4,"11:05 AM",0.60,7.42,31.20,0.082,76,250,17000000,2.383,1171
5,"11:25 AM",0.51,7.37,29.80,<0.048*,22,125,9200000,0.89,2432
"CY 2017 APRIL",,,,,,,,,,
1,"11:12 AM",1.30,7.36,27.6,0.313,16,60,22000000,3.905,79
2,"11:33 AM",0.50,7.05,28.5,0.239,29,75,5400000,1.541,2233
3,"11:53 AM",0.75,7.15,28.9,0.294,25,75,3500000,1.69,2134
4,"12:15 PM",0.80,7.11,30.1,0.201,27,100,350000,1.669,2680
5,"12:34 PM",0.25,7.01,29.7,0.354,26,125,9200000,1.688,1985
"CY 2017 MAY",,,,,,,,,,
1,"11:01 AM",1.50,7.72,31.20,<0.048*,27,50,700000,3103,89
2,"11:22 AM",0.70,7.11,33.38,<0.048*,26,80,2400000,1578,1141
3,"11:43 AM",0.80,7.18,33.40,<0.048*,37,60,9200000,1598,1191
4,"12:05 PM",0.70,7.15,32.90,<0.048*,36,100,7000000,1585,1042
5,"12:24 PM",0.26,7.13,32.58,<0.048*,76,80,3500000,1863,1141
"CY 2017 JUNE",,,,,,,,,,
1,"10:34 AM",0.78,7.75,30.40,0.095,13,80,4600000,3.758,137
2,"10:53 AM",0.38,7.15,33.30,0.756,24,150,3500000,1.285,1269
3,"11:13 AM",0.15,7.09,32.90,0.652,16,100,54000000,1.210,1367
4,"11:34 AM",0.15,7.11,33.80,0.637,28,125,1700000,1.315,1416
5,"11:53 AM",0.10,7.08,32.98,1.482,22,150,5400000,1.387,1318
"CY 2017 JULY",,,,,,,,,,
1,"10:20 AM",1.20,7.44,27.60,0.188,30,80,2400000,1.884,68
2,"10:40 AM",0.42,7.28,29.10,0.086,39,150,5400000,1.613,244
3,"11:01 AM",0.06,7.31,29.35,<0.048*,30,150,9200000,1.641,127
4,"11:23 AM",0.10,7.3,29.20,<0.048*,28,150,5400000,1.648,137
5,"11:42 AM",0.12,7.26,29.10,<0.048*,24,150,5400000,1.536,146
"CY 2017 AUGUST",,,,,,,,,,
1,"10:17 AM",0.38,7.73,30.3,<0.048*,22,40,5400000,2.266,73
2,"10:52 AM",0.49,7.15,34.05,<0.048*,35,100,2400000,1.351,83
3,"11:20 AM",0.34,7.00,31.90,<0.048*,29,40,16000000,1.149,29
4,"11:44 AM",0.35,7.01,31.60,<0.048*,13,100,790000,1.469,342
5,"12:06 PM",0.5,7.06,31.90,<0.048*,18,100,790000,1.274,854
"CY 2017 SEPTEMBER",,,,,,,,,,
1,"10:07 AM",3.18,6.95,28.80,0.587,21,40,240000,0.698,30.000
2,"10:31 AM",0.80,6.69,28.90,<0.048*,20,20,1300000,0.648,32
3,"10:50 AM",1.02,6.78,28.80,0.075,28,20,2100000,0.804,57
4,"11:14 AM",0.60,6.96,28.75,<0.048*,18,80,17000000,0.670,35
5,"11:33 AM",0.50,6.79,28.80,<0.048*,27,100,35000000,0.692,32
"CY 2017 OCTOBER",,,,,,,,,,
1,"11:05 AM",3.95,6.98,28.63,0.505,35,40,3500000,0.760,36
2,"11:25 AM",0.80,7.03,28.90,0.277,9,80,9200000,0.911,57
3,"11:44 AM",0.61,7.08,29.10,0.189,8,80,24000000,0.698,59
4,"12:05 PM",0.60,7.10,29.20,0.096,21,80,2200000,0.975,76
5,"12:24 PM",0.59,7.10,29.20,0.144,18,80,9200000,0.953,65
"CY 2017 NOVEMBER",,,,,,,,,,
1,"11:25 AM",1.05,7.42,28.40,0.440,24,100,24000000,3.620,1754
2,"11:44 AM",0.50,7.12,30.55,0.061,12,200,2600000,1.917,794
3,"12:04 PM",0.10,7.20,30.70,0.117,18,200,17000000,1.881,872
4,"12:24 PM",0.27,7.24,30.80,0.168,10,200,5400000,1.827,794
5,"12:43 PM",0.25,7.18,30.80,0.145,10,200,7000000,1.755,951
"CY 2017 DECEMBER",,,,,,,,,,
"CY 2018 JANUARY",,,,,,,,,,
1,"11:41 AM",0.80,7.30,27.80,<0.048*,36,50,2200000,3.677,122
2,"12:01 PM",0.25,6.82,28.40,<0.048*,43,50,5400000,1.885,536
3,"12:46 PM",0.31,6.89,28.60,<0.048*,52,50,5400000,1.777,488
4,"12:36 PM",0.33,6.90,28.40,<0.048*,59,50,17000000,1.740,546
5,"12:55 PM",0.20,6.90,28.50,<0.048*,63,50,940000,1.732,595
"CY 2018 FEBRUARY",,,,,,,,,,
1,"11:58 AM",0.30,6.54,28.30,0.092,57,75,35000000,5.420,156
2,"12:20 PM",0.66,6.64,31.70,<0.048*,68,250,24000000,2.480,205
3,"12:53 PM",0.63,6.59,29.50,<0.048*,77,60,92000000,1.476,98
4,"1:14 PM",0.89,7.01,30.60,0.057,89,80,54000000,2.294,"2,585"
5,"1:35 PM",0.69,7.27,32.20,<0.048*,112,60,430000,2.419,"3,755"
"CY 2018 MARCH",,,,,,,,,,
"CY 2018 APRIL",,,,,,,,,,
1,"11:28 AM",1.10,8,29.10,<0.048,28,60,9.20E+06,4.281,141
2,"11:43 AM",0.11,7.35,33.10,0.247,44,20,1.40E+06,1.842,4222
3,"12:02 PM",0.15,7.33,32.80,0.360,34,80,4.90E+05,1.848,4106
4,"12:22 PM",0.18,7.32,32.15,0.147,28,60,7.90E+05,1.788,5193
5,"12:39 PM",0.13,7.29,32.25,0.335,20,30,2.30E+05,1.916,5193
"CY 2018 MAY",,,,,,,,,,
1,"11:31 AM",2.89,8.03,29.7,<0.048,9,40,5.40E+07,2.603,98
2,"11:50 AM",0.38,7.49,31.4,0.188,31,30,1.40E+06,1.226,5185
3,"12:10 PM",0.25,7.51,31.5,<0.048,25,30,1.70E+06,1.391,6026
4,"12:31 PM",0.30,7.53,31.8,0.123,21,30,7.90E+05,1.341,4998
5,"12:49 PM",0.48,7.47,31.9,<0.048,32,20,7.90E+05,1.307,6400
"CY 2018 JUNE",,,,,,,,,,
"CY 2018 JULY",,,,,,,,,,
"CY 2018 AUGUST",,,,,,,,,,
"CY 2018 SEPTEMBER",,,,,,,,,,
"CY 2018 OCTOBER",,,,,,,,,,
"CY 2018 NOVEMBER",,,,,,,,,,
"CY 2018 DECEMBER",,,,,,,,,,
"*Effective June 15, 2016, 15 days upon the publication of DENR Administration Order No. 08, Series of 2016: Water Quality Guidelines and General Effluent Standards of 2016, the primary parameters for ambient water monitoring aare: Dissolved Oxygen; pH; Temperature; Biochemical Oxygen Demand; Total Suspended Solids; Color; Chlorides; Phosphates; Nitrates; and Fecal Coliform.",,,,,,,,,,
"0.048 mg/L is the smallest amount that can be detected for Nitrates",,,,,,,,,,
