Republic of the Philippines,,,,,,,,,,,,,,,,,
Department of Environment and Natural Resources,,,,,,,,,,,,,,,,,
ENVIRONMENTAL MANAGEMENT BUREAU REGION III,,,,,,,,,,,,,,,,,
"EMB R3 Bldg. Turquoise St., Ramar Village, Brgy. San Agustin, City of San Fernando, Pampanga",,,,,,,,,,,,,,,,,
,,,,,,,,,,,,,,,,,
RESULT OF PHYSICAL AND CHEMICAL ANALYSES,,,,,,,,,,,,,,,,,
,,,,,,,,,,,,,,,,,
Name of Water Body:     Meycauayan River        ,,Coordinates ,,Date,Time,Parameters,,,,,,,,,,,
,,"Latitude, North (degree)","Longitude, East (degree)",,,"Dissolved Oxygen, mg/L",PH,Temperature °C,"Biochemical Oxygen Demand, mg/L","Total Suspended Solids, mg/L",Color TCU,"Fecal Coliform, MPN/100mL","Total Coliform, MPN/100mL","Ammonia, mg/L","Nitrates as Nitrogen, mg/L","Phosphates as Phosphorous, mg/L",Chlorides Cl - (mg/L)
"Water Quality Guideline (Class SB, DAO 2016-08):",,,,,,6,6.0-8.5,26-30,n/a,50,50,100,10,0.5,10,0.5,n/a
"Water Quality Guideline (Class B, DAO 2016-08):",,,,,,5,6.5-8.5,26-30,5,65,50,100,7,0.5,7,0.5,250
"*Water Quality Guideline (Class C, DAO 2016-08):",,,,,,5,6.5-9.0,25-31,7,80,75,200,7,0.5,7,0.5,350
CY 2012 JANUARY,,,,,,,,,,,,,,,,,
1,Perez Bridge   Brgy. Perez   Meycauayan   Bulacan ,14.758217,120.989964,,,4.08,,,27,,,,,,,,
2,Expressway Bridge   Brgy. Langka   Meycauayan   Bulacan ,14.739206,120.976297,,,2.3,,,204,,,,,,,,
3,Viente Reales Bridge   Brgy. Viente Reales   Valenzuela City   MM ,14.730028,120.965119,,,1.4,,,100,,,,,,,,
4,McArthur Highway   Brgy. Banga   Meycauayan   Bulacan ,14.730750,120.961339,,,1.9,,,99,,,,,,,,
5,Meymart Bridge  Brgy. Zamora  Meycauayan   Bulacan ,14.736142,120.958150,,,1.7,,,52,,,,,,,,
CY 2012 FEBRUARY,,,,,,,,,,,,,,,,,
1,Perez Bridge   Brgy. Perez   Meycauayan   Bulacan ,14.758217,120.989964,,,4.5,,,26,,,,,,,,
2,Expressway Bridge   Brgy. Langka   Meycauayan   Bulacan ,14.739206,120.976297,,,2.1,,,78,,,,,,,,
3,Viente Reales Bridge   Brgy. Viente Reales   Valenzuela City   MM ,14.730028,120.965119,,,1.4,,,61,,,,,,,,
4,McArthur Highway   Brgy. Banga   Meycauayan   Bulacan ,14.730750,120.961339,,,2.1,,,35,,,,,,,,
5,Meymart Bridge  Brgy. Zamora  Meycauayan   Bulacan ,14.736142,120.958150,,,1.2,,,28,,,,,,,,
CY 2012 MARCH,,,,,,,,,,,,,,,,,
1,Perez Bridge   Brgy. Perez   Meycauayan   Bulacan ,14.758217,120.989964,,,2.26,,,38,,,,,,,,
2,Expressway Bridge   Brgy. Langka   Meycauayan   Bulacan ,14.739206,120.976297,,,1.7,,,190,,,,,,,,
3,Viente Reales Bridge   Brgy. Viente Reales   Valenzuela City   MM ,14.730028,120.965119,,,1.46,,,42,,,,,,,,
4,McArthur Highway   Brgy. Banga   Meycauayan   Bulacan ,14.730750,120.961339,,,1.7,,,32,,,,,,,,
5,Meymart Bridge  Brgy. Zamora  Meycauayan   Bulacan ,14.736142,120.958150,,,1.6,,,33,,,,,,,,
CY 2012 APRIL,,,,,,,,,,,,,,,,,
1,Perez Bridge   Brgy. Perez   Meycauayan   Bulacan ,14.758217,120.989964,,,1.9,,,50,,,,,,,,
2,Expressway Bridge   Brgy. Langka   Meycauayan   Bulacan ,14.739206,120.976297,,,1.4,,,66,,,,,,,,
3,Viente Reales Bridge   Brgy. Viente Reales   Valenzuela City   MM ,14.730028,120.965119,,,1.2,,,43,,,,,,,,
4,McArthur Highway   Brgy. Banga   Meycauayan   Bulacan ,14.730750,120.961339,,,1.8,,,38,,,,,,,,
5,Meymart Bridge  Brgy. Zamora  Meycauayan   Bulacan ,14.736142,120.958150,,,1.7,,,31,,,,,,,,
CY 2012 MAY,,,,,,,,,,,,,,,,,
1,Perez Bridge   Brgy. Perez   Meycauayan   Bulacan ,14.758217,120.989964,,,3.2,,,37,,,,,,,,
2,Expressway Bridge   Brgy. Langka   Meycauayan   Bulacan ,14.739206,120.976297,,,2.1,,,45,,,,,,,,
3,Viente Reales Bridge   Brgy. Viente Reales   Valenzuela City   MM ,14.730028,120.965119,,,1.7,,,61,,,,,,,,
4,McArthur Highway   Brgy. Banga   Meycauayan   Bulacan ,14.730750,120.961339,,,2.2,,,26,,,,,,,,
5,Meymart Bridge  Brgy. Zamora  Meycauayan   Bulacan ,14.736142,120.958150,,,1.4,,,19,,,,,,,,
CY 2012 JUNE,,,,,,,,,,,,,,,,,
1,Perez Bridge   Brgy. Perez   Meycauayan   Bulacan ,14.758217,120.989964,,,2.8,,,23,,,,,,,,
2,Expressway Bridge   Brgy. Langka   Meycauayan   Bulacan ,14.739206,120.976297,,,1.8,,,45,,,,,,,,
3,Viente Reales Bridge   Brgy. Viente Reales   Valenzuela City   MM ,14.730028,120.965119,,,1.4,,,39,,,,,,,,
4,McArthur Highway   Brgy. Banga   Meycauayan   Bulacan ,14.730750,120.961339,,,1.6,,,29,,,,,,,,
5,Meymart Bridge  Brgy. Zamora  Meycauayan   Bulacan ,14.736142,120.958150,,,1.1,,,31,,,,,,,,
CY 2012 JULY,,,,,,,,,,,,,,,,,
1,Perez Bridge   Brgy. Perez   Meycauayan   Bulacan ,14.758217,120.989964,,,3.2,,,8,,,,,,,,
2,Expressway Bridge   Brgy. Langka   Meycauayan   Bulacan ,14.739206,120.976297,,,3.1,,,8,,,,,,,,
3,Viente Reales Bridge   Brgy. Viente Reales   Valenzuela City   MM ,14.730028,120.965119,,,3,,,18,,,,,,,,
4,McArthur Highway   Brgy. Banga   Meycauayan   Bulacan ,14.730750,120.961339,,,3.7,,,9,,,,,,,,
5,Meymart Bridge  Brgy. Zamora  Meycauayan   Bulacan ,14.736142,120.958150,,,4.6,,,13,,,,,,,,
CY 2012 AUGUST,,,,,,,,,,,,,,,,,
1,Perez Bridge   Brgy. Perez   Meycauayan   Bulacan ,14.758217,120.989964,,,1.6,,,20,,,,,,,,
2,Expressway Bridge   Brgy. Langka   Meycauayan   Bulacan ,14.739206,120.976297,,,1.7,,,47,,,,,,,,
3,Viente Reales Bridge   Brgy. Viente Reales   Valenzuela City   MM ,14.730028,120.965119,,,1.4,,,56,,,,,,,,
4,McArthur Highway   Brgy. Banga   Meycauayan   Bulacan ,14.730750,120.961339,,,1.5,,,34,,,,,,,,
5,Meymart Bridge  Brgy. Zamora  Meycauayan   Bulacan ,14.736142,120.958150,,,1.3,,,29,,,,,,,,
CY 2012 SEPTEMBER,,,,,,,,,,,,,,,,,
1,Perez Bridge   Brgy. Perez   Meycauayan   Bulacan ,14.758217,120.989964,,,2.3,,,32,,,,,,,,
2,Expressway Bridge   Brgy. Langka   Meycauayan   Bulacan ,14.739206,120.976297,,,2.7,,,92,,,,,,,,
3,Viente Reales Bridge   Brgy. Viente Reales   Valenzuela City   MM ,14.730028,120.965119,,,1.2,,,50,,,,,,,,
4,McArthur Highway   Brgy. Banga   Meycauayan   Bulacan ,14.730750,120.961339,,,1.1,,,32,,,,,,,,
5,Meymart Bridge  Brgy. Zamora  Meycauayan   Bulacan ,14.736142,120.958150,,,1.1,,,23,,,,,,,,
CY 2012 OCTOBER,,,,,,,,,,,,,,,,,
1,Perez Bridge   Brgy. Perez   Meycauayan   Bulacan ,14.758217,120.989964,,,1.4,,,91,,,,,,,,
2,Expressway Bridge   Brgy. Langka   Meycauayan   Bulacan ,14.739206,120.976297,,,1.7,,,67,,,,,,,,
3,Viente Reales Bridge   Brgy. Viente Reales   Valenzuela City   MM ,14.730028,120.965119,,,1.1,,,63,,,,,,,,
4,McArthur Highway   Brgy. Banga   Meycauayan   Bulacan ,14.730750,120.961339,,,1.2,,,90,,,,,,,,
5,Meymart Bridge  Brgy. Zamora  Meycauayan   Bulacan ,14.736142,120.958150,,,1.4,,,86,,,,,,,,
CY 2012 NOVEMBER,,,,,,,,,,,,,,,,,
1,Perez Bridge   Brgy. Perez   Meycauayan   Bulacan ,14.758217,120.989964,,,1.5,,,64,,,,,,,,
2,Expressway Bridge   Brgy. Langka   Meycauayan   Bulacan ,14.739206,120.976297,,,1.1,,,183,,,,,,,,
3,Viente Reales Bridge   Brgy. Viente Reales   Valenzuela City   MM ,14.730028,120.965119,,,1.2,,,101,,,,,,,,
4,McArthur Highway   Brgy. Banga   Meycauayan   Bulacan ,14.730750,120.961339,,,1,,,117,,,,,,,,
5,Meymart Bridge  Brgy. Zamora  Meycauayan   Bulacan ,14.736142,120.958150,,,1.1,,,68,,,,,,,,
CY 2012 DECEMBER,,,,,,,,,,,,,,,,,
1,Perez Bridge   Brgy. Perez   Meycauayan   Bulacan ,14.758217,120.989964,,,1.7,,,94,,,,,,,,
2,Expressway Bridge   Brgy. Langka   Meycauayan   Bulacan ,14.739206,120.976297,,,1.5,,,106,,,,,,,,
3,Viente Reales Bridge   Brgy. Viente Reales   Valenzuela City   MM ,14.730028,120.965119,,,1.3,,,96,,,,,,,,
4,McArthur Highway   Brgy. Banga   Meycauayan   Bulacan ,14.730750,120.961339,,,1.1,,,94,,,,,,,,
5,Meymart Bridge  Brgy. Zamora  Meycauayan   Bulacan ,14.736142,120.958150,,,1.2,,,90,,,,,,,,
CY 2013 JANUARY,,,,,,,,,,,,,,,,,
1,Perez Bridge   Brgy. Perez   Meycauayan   Bulacan ,14.758217,120.989964,1/17/2013,10:31 AM,1.9,8.6,,34,114,,,7000000,28.849,0.161,5.002,
2,Expressway Bridge   Brgy. Langka   Meycauayan   Bulacan ,14.739206,120.976297,1/17/2013,11:02 AM,1.4,7.8,,143,48,,,35000000,12.394,0.316,3.523,
3,Viente Reales Bridge   Brgy. Viente Reales   Valenzuela City   MM ,14.730028,120.965119,1/17/2013,11:22 AM,1.2,8,,60,37,,,3500000,13.343,0.228,3.101,
4,McArthur Highway   Brgy. Banga   Meycauayan   Bulacan ,14.730750,120.961339,1/17/2013,12:01 PM,1.3,7.9,,56,34,,,1200000,13.501,0.224,3.206,
5,Meymart Bridge  Brgy. Zamora  Meycauayan   Bulacan ,14.736142,120.958150,1/17/2013,12:20 PM,1.1,8.2,,42,30,,,16000000,13.343,0.183,3.154,
CY 2013 FEBRUARY,,,,,,,,,,,,,,,,,
1,Perez Bridge   Brgy. Perez   Meycauayan   Bulacan ,14.758217,120.989964,2/6/2013,10:55 AM,1.01,8.49,,58,77,,,11000000,17.711,0.161,6.247,
2,Expressway Bridge   Brgy. Langka   Meycauayan   Bulacan ,14.739206,120.976297,2/6/2013,11:35 AM,0.92,8.16,,100,72,,,35000000,11.395,0.359,2.289,
3,Viente Reales Bridge   Brgy. Viente Reales   Valenzuela City   MM ,14.730028,120.965119,2/6/2013,11:53 AM,0.73,8.07,,50,64,,,54000000,11.609,0.073,21.756,
4,McArthur Highway   Brgy. Banga   Meycauayan   Bulacan ,14.730750,120.961339,2/6/2013,12:14 PM,0.56,8.7,,56,52,,,24000000,15.489,0.112,4.088,
5,Meymart Bridge  Brgy. Zamora  Meycauayan   Bulacan ,14.736142,120.958150,2/6/2013,12:35 PM,1,8.79,,46,53,,,4600000,14.017,0.054,2.973,
CY 2013 MARCH,,,,,,,,,,,,,,,,,
1,Perez Bridge   Brgy. Perez   Meycauayan   Bulacan ,14.758217,120.989964,3/13/2013,10:43 AM,1.4,8.6,,88,121,,,9200000,23.846,0.173,4.384,
2,Expressway Bridge   Brgy. Langka   Meycauayan   Bulacan ,14.739206,120.976297,3/13/2013,11:15 AM,1.3,8.4,,96,58,,,340000,13.11,0.049,3.43,
3,Viente Reales Bridge   Brgy. Viente Reales   Valenzuela City   MM ,14.730028,120.965119,3/13/2013,11:40 AM,1.2,8.3,,68,48,,,9200000,13.918,0.06,3.728,
4,McArthur Highway   Brgy. Banga   Meycauayan   Bulacan ,14.730750,120.961339,3/13/2013,12:08 PM,1.1,8.2,,50,53,,,1700000,12.496,0.059,3.311,
5,Meymart Bridge  Brgy. Zamora  Meycauayan   Bulacan ,14.736142,120.958150,3/13/2013,12:24 PM,1.01,8.1,,44,58,,,9200000,13.498,0.062,3.251,
CY 2013 APRIL,,,,,,,,,,,,,,,,,
1,Perez Bridge   Brgy. Perez   Meycauayan   Bulacan ,14.758217,120.989964,4/24/2013,10:35 AM,1.2,8.1,,51,43,,,16000000,26.318,0.297,6.242,
2,Expressway Bridge   Brgy. Langka   Meycauayan   Bulacan ,14.739206,120.976297,4/24/2013,11:00 AM,0.8,8.2,,57,60,,,35000000,12.412,0.206,2.308,
3,Viente Reales Bridge   Brgy. Viente Reales   Valenzuela City   MM ,14.730028,120.965119,4/24/2013,11:28 AM,0.9,8.4,,270,280,,,160000000,7.719,0.117,2.343,
4,McArthur Highway   Brgy. Banga   Meycauayan   Bulacan ,14.730750,120.961339,4/24/2013,11:54 AM,1.1,8.1,,38,56,,,2800000,10.706,0.106,4.024,
5,Meymart Bridge  Brgy. Zamora  Meycauayan   Bulacan ,14.736142,120.958150,4/24/2013,12:18 AM,1.3,8.2,,32,58,,,920000,11.509,0.089,2.951,
CY 2013 MAY,,,,,,,,,,,,,,,,,
1,Perez Bridge   Brgy. Perez   Meycauayan   Bulacan ,14.758217,120.989964,5/15/2013,10:45 AM,1.7,8.6,,8,145,,,24000000,3.896,0.231,0.9,
2,Expressway Bridge   Brgy. Langka   Meycauayan   Bulacan ,14.739206,120.976297,5/15/2013,11:00 AM,1.3,8.1,,29,90,,,24000000,9.618,0.114,1.125,
3,Viente Reales Bridge   Brgy. Viente Reales   Valenzuela City   MM ,14.730028,120.965119,5/15/2013,11:26 AM,1.2,8.03,,27,80,,,35000000,9.565,0.106,1.075,
4,McArthur Highway   Brgy. Banga   Meycauayan   Bulacan ,14.730750,120.961339,5/15/2013,11:57 AM,1.1,8.3,,33,20,,,16000000,9.934,0.148,0.25,
5,Meymart Bridge  Brgy. Zamora  Meycauayan   Bulacan ,14.736142,120.958150,5/15/2013,12:13 PM,0.9,8.5,,23,80,,,17000000,10.409,0.141,0.25,
CY 2013 JUNE,,,,,,,,,,,,,,,,,
1,Perez Bridge   Brgy. Perez   Meycauayan   Bulacan ,14.758217,120.989964,6/5/2013,11:45 AM,2.1,8.07,,54,28,,,17000000,24.844,0.168,4.665,
2,Expressway Bridge   Brgy. Langka   Meycauayan   Bulacan ,14.739206,120.976297,6/5/2013,11:05 AM,1.1,8.09,,46,38,,,2400000,28.202,0.378,3.708,
3,Viente Reales Bridge   Brgy. Viente Reales   Valenzuela City   MM ,14.730028,120.965119,6/5/2013,11:36 AM,1.4,8.04,,45,31,,,11000000,12.48,0.294,3.315,
4,McArthur Highway   Brgy. Banga   Meycauayan   Bulacan ,14.730750,120.961339,6/5/2013,11:59 AM,1.2,8.1,,38,33,,,2400000,12.862,0.569,3.765,
5,Meymart Bridge  Brgy. Zamora  Meycauayan   Bulacan ,14.736142,120.958150,6/5/2013,12:23 PM,0.9,8,,47,40,,,3500000,17.085,0.41,3.089,
CY 2013 JULY,,,,,,,,,,,,,,,,,
1,Perez Bridge   Brgy. Perez   Meycauayan   Bulacan ,14.758217,120.989964,7/4/2013,10:46 AM,1.6,7.9,,120,5,,,17000000,5.425,0.264,1.377,
2,Expressway Bridge   Brgy. Langka   Meycauayan   Bulacan ,14.739206,120.976297,7/4/2013,11:20 AM,1.1,7.6,,8,29,,,24000000,5.378,0.265,1.139,
3,Viente Reales Bridge   Brgy. Viente Reales   Valenzuela City   MM ,14.730028,120.965119,7/4/2013,11:50 AM,1.2,6.6,,36,11,,,160000000,7.214,0.121,1.496,
4,McArthur Highway   Brgy. Banga   Meycauayan   Bulacan ,14.730750,120.961339,7/4/2013,12:16 PM,1.3,6.8,,40,19,,,92000000,4.389,0.139,1.536,
5,Meymart Bridge  Brgy. Zamora  Meycauayan   Bulacan ,14.736142,120.958150,7/4/2013,12:36 PM,0.9,6.4,,40,11,,,3500000000,6.084,0.598,1.457,
CY 2013 AUGUST,,,,,,,,,,,,,,,,,
1,Perez Bridge   Brgy. Perez   Meycauayan   Bulacan ,14.758217,120.989964,8/7/2013,9:57 AM,1.8,6.4,,13,21,,,24000000,5.663,0.334,0.834,
2,Expressway Bridge   Brgy. Langka   Meycauayan   Bulacan ,14.739206,120.976297,8/7/2013,10:22 AM,1.6,6.6,,16,24,,,7000000,5.985,0.09,0.967,
3,Viente Reales Bridge   Brgy. Viente Reales   Valenzuela City   MM ,14.730028,120.965119,8/7/2013,10:35 AM,1.9,6.3,,20,19,,,160000000,21.723,0.042,0.984,
4,McArthur Highway   Brgy. Banga   Meycauayan   Bulacan ,14.730750,120.961339,8/7/2013,10:56 AM,1.4,6.2,,12,21,,,2400000,20.965,0.037,1.067,
5,Meymart Bridge  Brgy. Zamora  Meycauayan   Bulacan ,14.736142,120.958150,8/7/2013,11:13 AM,1.2,6.3,,8,17,,,9200000,6.481,0.031,1.067,
CY 2013 SEPTEMBER,,,,,,,,,,,,,,,,,
1,Perez Bridge   Brgy. Perez   Meycauayan   Bulacan ,14.758217,120.989964,9/4/2013,10:37 AM,2.8,6.1,,9,60,,,3500000,2.649,0.5,0.333,
2,Expressway Bridge   Brgy. Langka   Meycauayan   Bulacan ,14.739206,120.976297,9/4/2013,11:03 AM,1.8,6.2,,22,55,,,170,2.649,0.305,0.35,
3,Viente Reales Bridge   Brgy. Viente Reales   Valenzuela City   MM ,14.730028,120.965119,9/4/2013,11:34 AM,1.1,6.3,,35,30,,,54000000,2.255,<0.05 ,0.4,
4,McArthur Highway   Brgy. Banga   Meycauayan   Bulacan ,14.730750,120.961339,9/4/2013,12:05 PM,1.2,6.2,,48,40,,,35000000,3.131,<0.05 ,0.467,
5,Meymart Bridge  Brgy. Zamora  Meycauayan   Bulacan ,14.736142,120.958150,9/4/2013,12:26 PM,0.9,6.1,,47,25,,,35000000,3.81,<0.05 ,0.6,
CY 2013 OCTOBER,,,,,,,,,,,,,,,,,
1,Perez Bridge   Brgy. Perez   Meycauayan   Bulacan ,14.758217,120.989964,10/16/2013,10:44 AM,3.78,6.95,,7,44,,,3500000000,2.513,0.342,0.149,
2,Expressway Bridge   Brgy. Langka   Meycauayan   Bulacan ,14.739206,120.976297,10/16/2013,11:10 AM,2.81,7.1,,11,35,,,92000000,1.144,0.65,0.196,
3,Viente Reales Bridge   Brgy. Viente Reales   Valenzuela City   MM ,14.730028,120.965119,10/16/2013,11:47 AM,1.73,6.8,,27,13,,,24000000,4.5,0.144,0.307,
4,McArthur Highway   Brgy. Banga   Meycauayan   Bulacan ,14.730750,120.961339,10/16/2013,12:12 PM,1.6,6.9,,42,24,,,540000000,3.426,0.119,0.529,
5,Meymart Bridge  Brgy. Zamora  Meycauayan   Bulacan ,14.736142,120.958150,10/16/2013,12:25 PM,1.4,6.82,,42,37,,,46000000,3.319,0.138,0.576,
CY 2013 NOVEMBER,,,,,,,,,,,,,,,,,
1,Perez Bridge   Brgy. Perez   Meycauayan   Bulacan ,14.758217,120.989964,11/14/2013,11:20 AM,3.1,7.78,,14,11,,,16000000,12.184,0.285,1.117,
2,Expressway Bridge   Brgy. Langka   Meycauayan   Bulacan ,14.739206,120.976297,11/14/2013,11:31 AM,1.1,7.26,,97,34,,,9200000,12.315,0.259,1.601,
3,Viente Reales Bridge   Brgy. Viente Reales   Valenzuela City   MM ,14.730028,120.965119,11/14/2013,11:52 AM,1.2,7.21,,123,23,,,35000000,12.06,0.252,1.501,
4,McArthur Highway   Brgy. Banga   Meycauayan   Bulacan ,14.730750,120.961339,11/14/2013,12:06 PM,0.9,7.51,,169,27,,,11000000,11.11,0.249,1.067,
5,Meymart Bridge  Brgy. Zamora  Meycauayan   Bulacan ,14.736142,120.958150,11/14/2013,12:18 PM,0.8,7.89,,87,21,,,16000000,11.859,0.379,1.067,
CY 2013 DECEMBER,,,,,,,,,,,,,,,,,
1,Perez Bridge   Brgy. Perez   Meycauayan   Bulacan ,14.758217,120.989964,12/11/2013,9:40 AM,0.85,8.51,,102,25,,,35000000,8.057,0.134,4.68,
2,Expressway Bridge   Brgy. Langka   Meycauayan   Bulacan ,14.739206,120.976297,12/11/2013,10:12 AM,0.25,7.94,,144,74,,,16000000,7.187,0.272,1.414,
3,Viente Reales Bridge   Brgy. Viente Reales   Valenzuela City   MM ,14.730028,120.965119,12/11/2013,10:37 AM,0.45,8.05,,61,29,,,54000000,5.957,0.075,1.522,
4,McArthur Highway   Brgy. Banga   Meycauayan   Bulacan ,14.730750,120.961339,12/11/2013,11:08 AM,0.46,8.6,,127,38,,,35000000,6.063,0.156,3.088,
5,Meymart Bridge  Brgy. Zamora  Meycauayan   Bulacan ,14.736142,120.958150,12/11/2013,11:34 AM,0.53,8.94,,87,24,,,5400000,5.483,0.105,2.548,
CY 2014 JANUARY,,,,,,,,,,,,,,,,,
1,Perez Bridge   Brgy. Perez   Meycauayan   Bulacan ,14.758217,120.989964,1/22/2014,10:31 AM,0.15,8.57,,87,7,,,16000000,7.611,0.102,0.956,
2,Expressway Bridge   Brgy. Langka   Meycauayan   Bulacan ,14.739206,120.976297,1/22/2014,11:04 AM,0.1,7.87,,270,18,,,11000000,5.708,0.102,0.293,
3,Viente Reales Bridge   Brgy. Viente Reales   Valenzuela City   MM ,14.730028,120.965119,1/22/2014,11:34 AM,0.16,7.95,,107,39,,,160000000,3.472,0.1,0.315,
4,McArthur Highway   Brgy. Banga   Meycauayan   Bulacan ,14.730750,120.961339,1/22/2014,12:01 PM,0.28,8.54,,112,27,,,54000000,5.771,0.099,0.635,
5,Meymart Bridge  Brgy. Zamora  Meycauayan   Bulacan ,14.736142,120.958150,1/22/2014,12:23 PM,0.39,8.7,,79,17,,,16000000,5.159,0.134,0.525,
CY 2014 FEBRUARY,,,,,,,,,,,,,,,,,
1,Perez Bridge   Brgy. Perez   Meycauayan   Bulacan ,14.758217,120.989964,2/12/2014,10:35 AM,0.58,8.56,,73,64,,,35000000,3.272,1.009,1.17,
2,Expressway Bridge   Brgy. Langka   Meycauayan   Bulacan ,14.739206,120.976297,2/12/2014,11:05 AM,0.37,8.15,,73,40,,,2400000,3.607,0.358,1.091,
3,Viente Reales Bridge   Brgy. Viente Reales   Valenzuela City   MM ,14.730028,120.965119,2/12/2014,11:20 AM,0.16,8.05,,53,24,,,3500000,2.641,0.741,2.222,
4,McArthur Highway   Brgy. Banga   Meycauayan   Bulacan ,14.730750,120.961339,2/12/2014,12:00 PM,0.45,8.47,,117,39,,,>1600,0.609,0.741,2.406,
5,Meymart Bridge  Brgy. Zamora  Meycauayan   Bulacan ,14.736142,120.958150,2/12/2014,12:24 PM,0.39,8.4,,74,25,,,>1600,0.675,0.741,2.433,
CY 2014 MARCH,,,,,,,,,,,,,,,,,
1,Perez Bridge   Brgy. Perez   Meycauayan   Bulacan ,14.758217,120.989964,3/5/2014,10:07 AM,1.6,8.65,,47,26,,,13000000,28.391,0.111,3.653,
2,Expressway Bridge   Brgy. Langka   Meycauayan   Bulacan ,14.739206,120.976297,3/5/2014,10:46 AM,0.2,8.25,,56,56,,,24000000,8.697,0.519,1.452,
3,Viente Reales Bridge   Brgy. Viente Reales   Valenzuela City   MM ,14.730028,120.965119,3/5/2014,11:16 AM,0.26,8.12,,51,29,,,2100000,9.188,0.519,1.303,
4,McArthur Highway   Brgy. Banga   Meycauayan   Bulacan ,14.730750,120.961339,3/5/2014,12:05 PM,0.45,8.47,,37,31,,,3300000,13.697,<0.048*,2.01,
5,Meymart Bridge  Brgy. Zamora  Meycauayan   Bulacan ,14.736142,120.958150,3/5/2014,12:24 PM,0.43,8.49,,40,27,,,2300000,14.619,0.184,1.992,
CY 2014 APRIL,,,,,,,,,,,,,,,,,
1,Perez Bridge   Brgy. Perez   Meycauayan   Bulacan ,14.758217,120.989964,4/23/2014,9:23 AM,1.45,8.46,,48,16,,,>16000000,11.667,0.284,5.679,
2,Expressway Bridge   Brgy. Langka   Meycauayan   Bulacan ,14.739206,120.976297,4/23/2014,10:10 AM,0,8.36,,56,118,,,13000000,9.258,1.113,2.454,
3,Viente Reales Bridge   Brgy. Viente Reales   Valenzuela City   MM ,14.730028,120.965119,4/23/2014,10:47 AM,0.15,8.15,,48,29,,,92000000,13.131,0.516,2.947,
4,McArthur Highway   Brgy. Banga   Meycauayan   Bulacan ,14.730750,120.961339,4/23/2014,11:48 AM,0.08,8.19,,25,48,,,1700000,12.791,0.514,3.163,
5,Meymart Bridge  Brgy. Zamora  Meycauayan   Bulacan ,14.736142,120.958150,4/23/2014,12:04 PM,0.1,8.33,,17,43,,,540000,14.177,0.564,3.217,
CY 2014 MAY,,,,,,,,,,,,,,,,,
1,Perez Bridge   Brgy. Perez   Meycauayan   Bulacan ,14.758217,120.989964,5/27/2014,12:30 PM,2.13,8.35,,40,8,,,9200000,23.54,0.268,2.976,
2,Expressway Bridge   Brgy. Langka   Meycauayan   Bulacan ,14.739206,120.976297,5/27/2014,1:04 PM,0,7.65,,34,89,,,9200000,16.791,0.288,1.636,
3,Viente Reales Bridge   Brgy. Viente Reales   Valenzuela City   MM ,14.730028,120.965119,5/27/2014,1:31 PM,0.09,7.54,,67,27,,,7000000,11.6,0.274,1.428,
4,McArthur Highway   Brgy. Banga   Meycauayan   Bulacan ,14.730750,120.961339,5/27/2014,1:49 PM,0.09,7.59,,48,39,,,790000,15.362,0.205,2.227,
5,Meymart Bridge  Brgy. Zamora  Meycauayan   Bulacan ,14.736142,120.958150,5/27/2014,2:10 PM,0.14,7.74,,40,28,,,460000,15.244,0.194,2.46,
CY 2014 JUNE,,,,,,,,,,,,,,,,,
1,Perez Bridge   Brgy. Perez   Meycauayan   Bulacan ,14.758217,120.989964,6/11/2014,10:53 AM,2.9,8.32,,9,19,,,3500000,8.882,0.743,0.292,
2,Expressway Bridge   Brgy. Langka   Meycauayan   Bulacan ,14.739206,120.976297,6/11/2014,11:24 AM,0.28,7.38,,12,24,,,3500000,10.45,0.279,0.195,
3,Viente Reales Bridge   Brgy. Viente Reales   Valenzuela City   MM ,14.730028,120.965119,6/11/2014,11:48 AM,0.35,7.31,,13,28,,,9200000,10.085,0.234,0.206,
4,McArthur Highway   Brgy. Banga   Meycauayan   Bulacan ,14.730750,120.961339,6/11/2014,12:15 PM,0.1,7.47,,15,13,,,9200000,10.369,0.142,0.166,
5,Meymart Bridge  Brgy. Zamora  Meycauayan   Bulacan ,14.736142,120.958150,6/11/2014,12:35 PM,0.21,7.3,,13,21,,,2400000,10.101,0.145,0.753,
CY 2014 JULY,,,,,,,,,,,,,,,,,
1,Perez Bridge   Brgy. Perez   Meycauayan   Bulacan ,14.758217,120.989964,7/3/2014,8:50 AM,2.1,7.75,,13,9,,,3500000,7.643,0.217,0.919,
2,Expressway Bridge   Brgy. Langka   Meycauayan   Bulacan ,14.739206,120.976297,7/3/2014,9:19 AM,1.08,7.73,,7,24,,,17000000,4.976,1.103,1.335,
3,Viente Reales Bridge   Brgy. Viente Reales   Valenzuela City   MM ,14.730028,120.965119,7/3/2014,9:45 AM,0.32,7.4,,11,33,,,16000000,4.57,1.218,1.33,
4,McArthur Highway   Brgy. Banga   Meycauayan   Bulacan ,14.730750,120.961339,7/3/2014,10:11 AM,0.21,7.07,,4,20,,,22000000,4.96,1.146,0.898,
5,Meymart Bridge  Brgy. Zamora  Meycauayan   Bulacan ,14.736142,120.958150,7/3/2014,10:34 AM,0.32,7.18,,57,21,,,9200000,5.483,1.166,0.89,
CY 2014 AUGUST,,,,,,,,,,,,,,,,,
1,Perez Bridge   Brgy. Perez   Meycauayan   Bulacan ,14.758217,120.989964,8/13/2014,10:30 AM,1.1,7.96,,24,27,,,3500000,18.785,0.315,4.333,
2,Expressway Bridge   Brgy. Langka   Meycauayan   Bulacan ,14.739206,120.976297,8/13/2014,10:50 AM,0.29,7.41,,24,19,,,790000,9.388,0.241,3.097,
3,Viente Reales Bridge   Brgy. Viente Reales   Valenzuela City   MM ,14.730028,120.965119,8/13/2014,11:30 AM,0.41,7.42,,44,26,,,790000,9.775,0.315,3.19,
4,McArthur Highway   Brgy. Banga   Meycauayan   Bulacan ,14.730750,120.961339,8/13/2014,12:01 PM,0.11,7.58,,28,14,,,1400000,9.448,0.296,3.174,
5,Meymart Bridge  Brgy. Zamora  Meycauayan   Bulacan ,14.736142,120.958150,8/13/2014,12:15 PM,0.32,7.39,,26,19,,,2400000,10.181,0.426,3.129,
CY 2014 SEPTEMBER,,,,,,,,,,,,,,,,,
1,Perez Bridge   Brgy. Perez   Meycauayan   Bulacan ,14.758217,120.989964,9/11/2014,11:50 AM,2.5,7.97,,23,11,,,5400000,18.133,0.185,6.13,
2,Expressway Bridge   Brgy. Langka   Meycauayan   Bulacan ,14.739206,120.976297,9/11/2014,12:15 PM,0.44,7.54,,9,5,,,5400000,12.815,0.218,8.134,
3,Viente Reales Bridge   Brgy. Viente Reales   Valenzuela City   MM ,14.730028,120.965119,9/11/2014,12:40 PM,0.39,7.72,,33,8,,,5400000,16.057,0.152,5.407,
4,McArthur Highway   Brgy. Banga   Meycauayan   Bulacan ,14.730750,120.961339,9/11/2014,1:01 PM,0.31,7.8,,20,5,,,9200000,16.962,0.287,1.8,
5,Meymart Bridge  Brgy. Zamora  Meycauayan   Bulacan ,14.736142,120.958150,9/11/2014,1:16 PM,0.22,7.82,,13,6,,,16000000,13.21,0.213,1.494,
CY 2014 OCTOBER,,,,,,,,,,,,,,,,,
1,Perez Bridge   Brgy. Perez   Meycauayan   Bulacan ,14.758217,120.989964,10/17//2016,9:45 AM,3.2,7.82,,10,10,,,1300000,5.754,0.419,1.035,
2,Expressway Bridge   Brgy. Langka   Meycauayan   Bulacan ,14.739206,120.976297,10/17//2016,10:20 AM,0.31,7.59,,22,23,,,2400000,3.626,0.362,1.124,
3,Viente Reales Bridge   Brgy. Viente Reales   Valenzuela City   MM ,14.730028,120.965119,10/17//2016,10:50 AM,0.51,7.57,,30,13,,,230000,6.484,0.199,1.029,
4,McArthur Highway   Brgy. Banga   Meycauayan   Bulacan ,14.730750,120.961339,10/17//2016,11:11 AM,0.15,7.46,,36,11,,,>16000000,7.086,0.282,0.928,
5,Meymart Bridge  Brgy. Zamora  Meycauayan   Bulacan ,14.736142,120.958150,10/17//2016,11:30 AM,0.18,7.71,,44,13,,,5400000,_,_,_,
CY 2014 NOVEMBER,,,,,,,,,,,,,,,,,
1,Perez Bridge   Brgy. Perez   Meycauayan   Bulacan ,14.758217,120.989964,11/13/2014,10:31 AM,0.8,8.17,,33,17,,,24000000,29.438,0.617,5.321,
2,Expressway Bridge   Brgy. Langka   Meycauayan   Bulacan ,14.739206,120.976297,11/13/2014,10:49 AM,0.05,7.64,,29,33,,,2400000,16.387,0.381,4.294,
3,Viente Reales Bridge   Brgy. Viente Reales   Valenzuela City   MM ,14.730028,120.965119,11/13/2014,11:12 AM,0,7.79,,46,35,,,4600000,16.406,0.574,4.508,
4,McArthur Highway   Brgy. Banga   Meycauayan   Bulacan ,14.730750,120.961339,11/13/2014,11:35 AM,0,7.91,,48,16,,,14000000,16.708,0.619,4.465,
5,Meymart Bridge  Brgy. Zamora  Meycauayan   Bulacan ,14.736142,120.958150,11/13/2014,11:54 AM,0,7.94,,47,15,,,4600000,15.464,0.4,4.396,
CY 2014 DECEMBER,,,,,,,,,,,,,,,,,
1,Perez Bridge   Brgy. Perez   Meycauayan   Bulacan ,14.758217,120.989964,12/12/2014,9:35 AM,1.16,7.71,,28,22,,,17000000,20.841,0.159,2.641,
2,Expressway Bridge   Brgy. Langka   Meycauayan   Bulacan ,14.739206,120.976297,12/12/2014,9:54 AM,0.1,7.62,,81,23,,,16000000,16.502,0.212,2.382,
3,Viente Reales Bridge   Brgy. Viente Reales   Valenzuela City   MM ,14.730028,120.965119,12/12/2014,10:19 AM,0,7.92,,80,26,,,9200000,16.319,0.309,2.635,
4,McArthur Highway   Brgy. Banga   Meycauayan   Bulacan ,14.730750,120.961339,12/12/2014,10:41 AM,0,7.98,,75,17,,,9200000,16.571,0.346,2.573,
5,Meymart Bridge  Brgy. Zamora  Meycauayan   Bulacan ,14.736142,120.958150,12/12/2014,10:56 AM,0,8.09,,76,27,,,3500000,14.613,0.175,2.604,
CY 2015 JANUARY,,,,,,,,,,,,,,,,,
1,Perez Bridge   Brgy. Perez   Meycauayan   Bulacan ,14.758217,120.989964,1/21/2015,,0,,,- ,- ,,,- ,,,,
2,Expressway Bridge   Brgy. Langka   Meycauayan   Bulacan ,14.739206,120.976297,1/21/2015,10:55 AM,0,7.91,,105,22,,,9200000,15.583,<0.048*,2.262,
3,Viente Reales Bridge   Brgy. Viente Reales   Valenzuela City   MM ,14.730028,120.965119,1/21/2015,,0,,,- ,- ,,,- ,,,,
4,McArthur Highway   Brgy. Banga   Meycauayan   Bulacan ,14.730750,120.961339,1/21/2015,11:21 AM,0,8.29,,133,20,,,4600000,16.129,<0.048*,2.248,
5,Meymart Bridge  Brgy. Zamora  Meycauayan   Bulacan ,14.736142,120.958150,1/21/2015,11:43 AM,0,8.45,,117,15,,,24000000,16.536,<0.048*,2.306,
CY 2015 FEBRUARY,,,,,,,,,,,,,,,,,
1,Perez Bridge   Brgy. Perez   Meycauayan   Bulacan ,14.758217,120.989964,2/25/2015,10:31 AM,0.25,7.89,,107,20,,,17000000,27.561,0.12,7.438,
2,Expressway Bridge   Brgy. Langka   Meycauayan   Bulacan ,14.739206,120.976297,2/25/2015,10:53 AM,0.15,7.28,,71,26,,,9200000,16.171,0.126,5.32,
3,Viente Reales Bridge   Brgy. Viente Reales   Valenzuela City   MM ,14.730028,120.965119,2/25/2015,11:20 AM,0.14,8.04,,85,22,,,3500000,16.157,0.136,5.281,
4,McArthur Highway   Brgy. Banga   Meycauayan   Bulacan ,14.730750,120.961339,2/25/2015,11:37 AM,0.1,8.13,,95,20,,,1300000,20.753,0.144,5.295,
5,Meymart Bridge  Brgy. Zamora  Meycauayan   Bulacan ,14.736142,120.958150,2/25/2015,11:50 AM,0.9,8.05,,100,27,,,1700000,19.157,0.19,5.342,
CY 2015 MARCH,,,,,,,,,,,,,,,,,
1,Perez Bridge   Brgy. Perez   Meycauayan   Bulacan ,14.758217,120.989964,3/25/2015,11:10 AM,0.72,7.89,,54,20,,,35000000,_,_,_,
2,Expressway Bridge   Brgy. Langka   Meycauayan   Bulacan ,14.739206,120.976297,3/25/2015,11:31 AM,0.32,7.56,,66,23,,,16000000,11.334,0.243,2.401,
3,Viente Reales Bridge   Brgy. Viente Reales   Valenzuela City   MM ,14.730028,120.965119,3/25/2015,11:52 AM,0.26,7.41,,64,24,,,3500000,13.339,0.328,2.437,
4,McArthur Highway   Brgy. Banga   Meycauayan   Bulacan ,14.730750,120.961339,3/25/2015,12:14 PM,0.21,8.11,,84,27,,,7000000,14.214,0.209,2.537,
5,Meymart Bridge  Brgy. Zamora  Meycauayan   Bulacan ,14.736142,120.958150,3/25/2015,12:29 PM,0.13,8.29,,45,23,,,16000000,15.053,0.31,2.506,
CY 2015 APRIL,,,,,,,,,,,,,,,,,
1,Perez Bridge   Brgy. Perez   Meycauayan   Bulacan ,14.758217,120.989964,4/16/2015,10:50 AM,0.5,7.97,,66,20,,,35000000,30.595,0.261,4.829,
2,Expressway Bridge   Brgy. Langka   Meycauayan   Bulacan ,14.739206,120.976297,4/16/2015,11:11 AM,0.04,7.34,,60,22,,,1600000,15.595,0.272,2.367,
3,Viente Reales Bridge   Brgy. Viente Reales   Valenzuela City   MM ,14.730028,120.965119,4/16/2015,11:35 AM,0.03,7.89,,62,25,,,920000,16.446,0.23,2.451,
4,McArthur Highway   Brgy. Banga   Meycauayan   Bulacan ,14.730750,120.961339,4/16/2015,11:56 AM,0.04,7.96,,62,27,,,1300000,15.989,0.255,2.475,
5,Meymart Bridge  Brgy. Zamora  Meycauayan   Bulacan ,14.736142,120.958150,4/16/2015,12:13 PM,0.03,7.98,,54,27,,,5400000,14.769,0.414,2.575,
CY 2015 MAY,,,,,,,,,,,,,,,,,
1,Perez Bridge   Brgy. Perez   Meycauayan   Bulacan ,14.758217,120.989964,5/21/2015,10:21 AM,0.89,8.08,,57,30,,,35000000,12.458,0.624,1.895,
2,Expressway Bridge   Brgy. Langka   Meycauayan   Bulacan ,14.739206,120.976297,5/21/2015,10:48 AM,0.31,7.41,,48,28,,,920000,12.241,0.404,2.439,
3,Viente Reales Bridge   Brgy. Viente Reales   Valenzuela City   MM ,14.730028,120.965119,5/21/2015,11:08 AM,0.28,7.22,,41,33,,,1600000,14.262,0.403,2.32,
4,McArthur Highway   Brgy. Banga   Meycauayan   Bulacan ,14.730750,120.961339,5/21/2015,11:29 AM,0.25,7.46,,68,34,,,3500000,15.892,0.421,2.249,
5,Meymart Bridge  Brgy. Zamora  Meycauayan   Bulacan ,14.736142,120.958150,5/21/2015,11:50 AM,0.21,7.21,,45,31,,,1600000,13.207,0.34,2.454,
CY 2015 JUNE,,,,,,,,,,,,,,,,,
1,Perez Bridge   Brgy. Perez   Meycauayan   Bulacan ,14.758217,120.989964,6/10/2015,11:01 AM,1.5,7.21,,25,24,,,3500000,14.352,<0.048*,1.773,
2,Expressway Bridge   Brgy. Langka   Meycauayan   Bulacan ,14.739206,120.976297,6/10/2015,11:32 AM,0.22,7.1,,90,53,,,5400000,10.374,<0.048*,1.487,
3,Viente Reales Bridge   Brgy. Viente Reales   Valenzuela City   MM ,14.730028,120.965119,6/10/2015,11:43 AM,0.42,7.01,,106,67,,,9200000,11.503,<0.048*,1.524,
4,McArthur Highway   Brgy. Banga   Meycauayan   Bulacan ,14.730750,120.961339,6/10/2015,12:10 PM,0.31,7.3,,67,57,,,>16000000 ,11.93,<0.048*,1.582,
5,Meymart Bridge  Brgy. Zamora  Meycauayan   Bulacan ,14.736142,120.958150,6/10/2015,12:31 PM,0.12,7.31,,70,63,,,5400000,11.63,<0.048*,1.723,
CY 2015 JULY,,,,,,,,,,,,,,,,,
1,Perez Bridge   Brgy. Perez   Meycauayan   Bulacan ,14.758217,120.989964,7/15/2015,10:01 AM,1.52,7.67,,22,19,,,92000,7.999,<0.048*,1.318,
2,Expressway Bridge   Brgy. Langka   Meycauayan   Bulacan ,14.739206,120.976297,7/15/2015,10:21 AM,1.08,7.49,,32,21,,,2400,4.248,<0.048*,0.595,
3,Viente Reales Bridge   Brgy. Viente Reales   Valenzuela City   MM ,14.730028,120.965119,7/15/2015,10:45 AM,0.61,7.46,,19,22,,,24000,4.957,<0.048*,0.467,
4,McArthur Highway   Brgy. Banga   Meycauayan   Bulacan ,14.730750,120.961339,7/15/2015,11:08 AM,0.5,7.53,,19,25,,,24000,3.807,<0.048*,0.815,
5,Meymart Bridge  Brgy. Zamora  Meycauayan   Bulacan ,14.736142,120.958150,7/15/2015,11:30 AM,0.73,7.45,,17,28,,,35000,3.869,<0.048*,0.349,
CY 2015 AUGUST,,,,,,,,,,,,,,,,,
1,Perez Bridge   Brgy. Perez   Meycauayan   Bulacan ,14.758217,120.989964,8/6/2015,11:09 AM,3.2,7.15,,20,20,,,5400000,10.928,0.193,1.132,
2,Expressway Bridge   Brgy. Langka   Meycauayan   Bulacan ,14.739206,120.976297,8/6/2015,11:30 AM,0.8,7.3,,43,23,,,16000000,8.679,<0.048*,1.111,
3,Viente Reales Bridge   Brgy. Viente Reales   Valenzuela City   MM ,14.730028,120.965119,8/6/2015,11:55 AM,0.54,7.25,,48,24,,,9200000,10.344,<0.048*,1.043,
4,McArthur Highway   Brgy. Banga   Meycauayan   Bulacan ,14.730750,120.961339,8/6/2015,12:19 PM,0.75,7.23,,83,27,,,2400000,8.361,<0.048*,0.963,
5,Meymart Bridge  Brgy. Zamora  Meycauayan   Bulacan ,14.736142,120.958150,8/6/2015,12:35 PM,0.73,7.5,,41,30,,,3500000,9.254,<0.048*,1.019,
CY 2015 SEPTEMBER,,,,,,,,,,,,,,,,,
1,Perez Bridge   Brgy. Perez   Meycauayan   Bulacan ,14.758217,120.989964,9/10/2015,10:15 AM,2.7,7.76,,17,24,,,3500000,5.438,0.366,0.568,
2,Expressway Bridge   Brgy. Langka   Meycauayan   Bulacan ,14.739206,120.976297,9/10/2015,10:36 AM,0.38,7.56,,38,22,,,16000000,3.011,<0.048*,0.522,
3,Viente Reales Bridge   Brgy. Viente Reales   Valenzuela City   MM ,14.730028,120.965119,9/10/2015,10:56 AM,0.2,7.55,,44,27,,,9200000,3.753,<0.048*,0.52,
4,McArthur Highway   Brgy. Banga   Meycauayan   Bulacan ,14.730750,120.961339,9/10/2015,11:16 AM,0.41,7.35,,47,30,,,5400000,2.702,0.135,0.52,
5,Meymart Bridge  Brgy. Zamora  Meycauayan   Bulacan ,14.736142,120.958150,9/10/2015,11:32 AM,0.23,7.34,,42,31,,,5400000,2.664,0.056,0.521,
CY 2015 OCTOBER,,,,,,,,,,,,,,,,,
1,Perez Bridge   Brgy. Perez   Meycauayan   Bulacan ,14.758217,120.989964,10/21/2015,12:30 PM,2.71,7.01,,2,3,,,1700000,6.744,0.212,0.967,
2,Expressway Bridge   Brgy. Langka   Meycauayan   Bulacan ,14.739206,120.976297,10/21/2015,12:50 PM,0.05,6.98,,21,13,,,16000000,3.938,0.132,0.621,
3,Viente Reales Bridge   Brgy. Viente Reales   Valenzuela City   MM ,14.730028,120.965119,10/21/2015,1:11 PM,0.6,6.96,,27,18,,,16000000,5.532,0.095,0.766,
4,McArthur Highway   Brgy. Banga   Meycauayan   Bulacan ,14.730750,120.961339,10/21/2015,1:30 PM,0.25,7.03,,37,18,,,110000000,5.89,0.097,0.699,
5,Meymart Bridge  Brgy. Zamora  Meycauayan   Bulacan ,14.736142,120.958150,10/21/2015,1:50 PM,0.21,7.14,,54,20,,,16000000,6.288,0.061,0.673,
CY 2015 NOVEMBER,,,,,,,,,,,,,,,,,
1,Perez Bridge   Brgy. Perez   Meycauayan   Bulacan ,14.758217,120.989964,11/12/2015,9:55 AM,0.4,8.27,,112,18,,,9200000,25.248,0.175,3.79,
2,Expressway Bridge   Brgy. Langka   Meycauayan   Bulacan ,14.739206,120.976297,11/12/2015,10:19 AM,0.15,7.73,,87,29,,,5400000,15.442,0.441,2.023,
3,Viente Reales Bridge   Brgy. Viente Reales   Valenzuela City   MM ,14.730028,120.965119,11/12/2015,10:35 AM,0,7.73,,69,30,,,3500000,20.253,0.302,2.343,
4,McArthur Highway   Brgy. Banga   Meycauayan   Bulacan ,14.730750,120.961339,11/12/2015,10:58 AM,0,7.79,,77,25,,,5400000,16.83,0.403,2.261,
5,Meymart Bridge  Brgy. Zamora  Meycauayan   Bulacan ,14.736142,120.958150,11/12/2015,11:17 AM,0,8.03,,77,30,,,16000000,17.098,0.405,2.2,
CY 2015 DECEMBER,,,,,,,,,,,,,,,,,
1,Perez Bridge   Brgy. Perez   Meycauayan   Bulacan ,14.758217,120.989964,12/9/2015,10:47 AM,0.5,8.39,,93,35,,,2400000,34.209,<0.048*,4.705,
2,Expressway Bridge   Brgy. Langka   Meycauayan   Bulacan ,14.739206,120.976297,12/9/2015,11:10 AM,0.1,7.7,,113,28,,,3500000,17.936,<0.048*,2.583,
3,Viente Reales Bridge   Brgy. Viente Reales   Valenzuela City   MM ,14.730028,120.965119,12/9/2015,11:38 AM,0.1,7.73,,128,31,,,5400000,17.584,<0.048*,2.342,
4,McArthur Highway   Brgy. Banga   Meycauayan   Bulacan ,14.730750,120.961339,12/9/2015,11:59 AM,0,7.77,,117,33,,,3500000,17.48,<0.048*,2.631,
5,Meymart Bridge  Brgy. Zamora  Meycauayan   Bulacan ,14.736142,120.958150,12/9/2015,12:18 PM,0,7.87,,133,33,,,1300000,20.009,<0.048*,2.342,
CY 2016 JANUARY,,,,,,,,,,,,,,,,,
1,Perez Bridge   Brgy. Perez   Meycauayan   Bulacan ,14.758217,120.989964,1/20/2016,11:50 AM,1.12,8.65,,101,37,,,24000000,36.519,<0.048*,5.196,
2,Expressway Bridge   Brgy. Langka   Meycauayan   Bulacan ,14.739206,120.976297,1/20/2016,12:09 PM,0.24,7.92,,157,45,,,3500000,21.778,<0.048*,2.099,
3,Viente Reales Bridge   Brgy. Viente Reales   Valenzuela City   MM ,14.730028,120.965119,1/20/2016,12:29 PM,0.21,7.93,,164,51,,,16000000,16.168,<0.048*,3.045,
4,McArthur Highway   Brgy. Banga   Meycauayan   Bulacan ,14.730750,120.961339,1/20/2016,12:53 PM,0.31,7.98,,172,52,,,630000,13.587,<0.048*,2.076,
5,Meymart Bridge  Brgy. Zamora  Meycauayan   Bulacan ,14.736142,120.958150,1/20/2016,1:10 PM,0.18,7.91,,144,40,,,2400000,18.522,<0.048*,2.163,
CY 2016 FEBRUARY,,,,,,,,,,,,,,,,,
1,Perez Bridge   Brgy. Perez   Meycauayan   Bulacan ,14.758217,120.989964,2/17/2016,10:31 AM,0.66,8.49,,89,8,,,17000000,29.434,0.318,5.26,
2,Expressway Bridge   Brgy. Langka   Meycauayan   Bulacan ,14.739206,120.976297,2/17/2016,10:25 AM,0.15,8.07,,105,22,,,5400000,15.376,0.165,2.956,
3,Viente Reales Bridge   Brgy. Viente Reales   Valenzuela City   MM ,14.730028,120.965119,2/17/2016,11:20 AM,0.23,8.12,,72,30,,,11000000,14.864,0.17,2.67,
4,McArthur Highway   Brgy. Banga   Meycauayan   Bulacan ,14.730750,120.961339,2/17/2016,11:41 AM,0.17,7.98,,91,27,,,9200000,18.262,0.132,2.64,
5,Meymart Bridge  Brgy. Zamora  Meycauayan   Bulacan ,14.736142,120.958150,2/17/2016,12:02 PM,0.11,8.02,,80,26,,,>16000000,15.622,0.566,3.214,
CY 2016 MARCH,,,,,,,,,,,,,,,,,
1,Perez Bridge   Brgy. Perez   Meycauayan   Bulacan ,14.758217,120.989964,3/2/2016,11:20 AM,2.5,6.9,,64,14,,,>16000000,36.745,0.301,4.919,
2,Expressway Bridge   Brgy. Langka   Meycauayan   Bulacan ,14.739206,120.976297,3/2/2016,11:48 AM,0.8,6.69,,107,16,,,1100000,19.755,0.135,2.233,
3,Viente Reales Bridge   Brgy. Viente Reales   Valenzuela City   MM ,14.730028,120.965119,3/2/2016,12:09 PM,0.91,7.01,,107,19,,,3500000,14.838,0.12,2.377,
4,McArthur Highway   Brgy. Banga   Meycauayan   Bulacan ,14.730750,120.961339,3/2/2016,12:31 PM,0.95,7.1,,113,16,,,9200000,19.199,0.382,2.44,
5,Meymart Bridge  Brgy. Zamora  Meycauayan   Bulacan ,14.736142,120.958150,3/2/2016,12:50 PM,0.84,7.1,,81,21,,,1700000,19.499,<0.048*,2.615,
CY 2016 APRIL,,,,,,,,,,,,,,,,,
1,Perez Bridge   Brgy. Perez   Meycauayan   Bulacan ,14.758217,120.989964,4/21/2016,11:01 AM,0.74,7.65,,138,11,,,16000000,36.747,<0.048*,4.625,
2,Expressway Bridge   Brgy. Langka   Meycauayan   Bulacan ,14.739206,120.976297,4/21/2016,11:25 AM,0.7,7.48,,64,19,,,1700000,19.295,<0.048*,2.035,
3,Viente Reales Bridge   Brgy. Viente Reales   Valenzuela City   MM ,14.730028,120.965119,4/21/2016,1:46 AM,0.5,7.58,,94,22,,,1100000,17.783,<0.048*,2.187,
4,McArthur Highway   Brgy. Banga   Meycauayan   Bulacan ,14.730750,120.961339,4/21/2016,12:06PM,0.5,7.19,,125,22,,,1700000,17.437,<0.048*,2.239,
5,Meymart Bridge  Brgy. Zamora  Meycauayan   Bulacan ,14.736142,120.958150,4/21/2016,12:29 PM,0.45,7.28,,123,28,,,1700000,18.533,<0.048*,2.009,
CY 2016 MAY,,,,,,,,,,,,,,,,,
1,Perez Bridge   Brgy. Perez   Meycauayan   Bulacan ,14.758217,120.989964,5/11/2016,11:02 AM,0.8,6.97,,168,11,,,35000000,30.425,<0.048*,4.558,
2,Expressway Bridge   Brgy. Langka   Meycauayan   Bulacan ,14.739206,120.976297,5/11/2016,11:23 AM,0.3,6.96,,97,16,,,1600000,15.19,0.395,2.265,
3,Viente Reales Bridge   Brgy. Viente Reales   Valenzuela City   MM ,14.730028,120.965119,5/11/2016,11:45 AM,0.3,6.85,,89,18,,,540000,16.251,0.366,2.451,
4,McArthur Highway   Brgy. Banga   Meycauayan   Bulacan ,14.730750,120.961339,5/11/2016,12:08 PM,0,7.05,,99,18,,,350000,12.893,0.33,2.202,
5,Meymart Bridge  Brgy. Zamora  Meycauayan   Bulacan ,14.736142,120.958150,5/11/2016,12:29 PM,0,6.98,,83,22,,,1100000,14.881,0.429,2.17,
CY 2016 JUNE,,,,,,,,,,,,,,,,,
1,Perez Bridge   Brgy. Perez   Meycauayan   Bulacan ,14.758217,120.989964,6/8/2016,11:25 AM,2.95,8.11,,36,11,,,1100000,8.862,0.247,0.59,
2,Expressway Bridge   Brgy. Langka   Meycauayan   Bulacan ,14.739206,120.976297,6/8/2016,11:52 AM,1.06,7.69,,38,17,,,5400000,6.603,<0.048*,1.354,
3,Viente Reales Bridge   Brgy. Viente Reales   Valenzuela City   MM ,14.730028,120.965119,6/8/2016,12:12 PM,0.76,6.98,,67,19,,,1300000,9.791,0.1,1.038,
4,McArthur Highway   Brgy. Banga   Meycauayan   Bulacan ,14.730750,120.961339,6/8/2016,12:35 PM,0.59,7.41,,79,18,,,490000,7.908,<0.048*,1.179,
5,Meymart Bridge  Brgy. Zamora  Meycauayan   Bulacan ,14.736142,120.958150,6/8/2016,12:54 PM,0.65,7.15,,79,28,,,5400000,9.599,<0.048*,1.225,
CY 2016 JULY,,,,,,,,,,,,,,,,,
1,Perez Bridge   Brgy. Perez   Meycauayan   Bulacan ,14.758217,120.989964,7/14/2016,10:00 AM,3.52,7.95,,17,12,,,1300000,7.956,0.499,0.974,
2,Expressway Bridge   Brgy. Langka   Meycauayan   Bulacan ,14.739206,120.976297,7/14/2016,10:21 AM,0.098,8.13,,102,20,,,17000000,9.079,0.197,1.471,
3,Viente Reales Bridge   Brgy. Viente Reales   Valenzuela City   MM ,14.730028,120.965119,7/14/2016,10:42 AM,0.8,8.16,,81,21,,,35000000,9.973,0.23,1.486,
4,McArthur Highway   Brgy. Banga   Meycauayan   Bulacan ,14.730750,120.961339,7/14/2016,11:05 AM,0.9,7.97,,82,34,,,54000000,8.668,0.144,1.328,
5,Meymart Bridge  Brgy. Zamora  Meycauayan   Bulacan ,14.736142,120.958150,7/14/2016,11:26 AM,0.76,7.87,,89,39,,,17000000,9.086,0.229,1.41,
CY 2016 AUGUST,,,,,,,,,,,,,,,,,
1,Perez Bridge   Brgy. Perez   Meycauayan   Bulacan ,14.758217,120.989964,8/11/2016,10:45 AM,3.5,7.74,,20,13,,330000,, - ,< 0.048*,1.161,45
2,Expressway Bridge   Brgy. Langka   Meycauayan   Bulacan ,14.739206,120.976297,8/11/2016,11:16 AM,1,7.2,,79,17,,2800000,, - ,0.261,0.915,84
3,Viente Reales Bridge   Brgy. Viente Reales   Valenzuela City   MM ,14.730028,120.965119,8/11/2016,11:36 AM,0.6,7.22,,147,27,,9200000,, - ,0.299,0.728,74
4,McArthur Highway   Brgy. Banga   Meycauayan   Bulacan ,14.730750,120.961339,8/11/2016,11:58 AM,0.5,7.2,,102,33,,9200000,, - ,< 0.048*,0.848,69
5,Meymart Bridge  Brgy. Zamora  Meycauayan   Bulacan ,14.736142,120.958150,8/11/2016,12:18 PM,0.5,7.21,,66,,,2800000,, - ,< 0.048*,0.696,74
CY 2016 SEPTEMBER,,,,,,,,,,,,,,,,,
1,Perez Bridge   Brgy. Perez   Meycauayan   Bulacan ,14.758217,120.989964,9/14/2016,10:12 AM,1.9,7.05,,40,16,,1700000,, - ,< 0.048*,1.664,35.000
2,Expressway Bridge   Brgy. Langka   Meycauayan   Bulacan ,14.739206,120.976297,9/14/2016,10:32 AM,0.9,6.95,,75,36,,920000,, - ,0.194,1.642,99
3,Viente Reales Bridge   Brgy. Viente Reales   Valenzuela City   MM ,14.730028,120.965119,9/14/2016,10:57 AM,0.8,6.98,,75,32,,1100000,, - ,< 0.048*,1.144,94
4,McArthur Highway   Brgy. Banga   Meycauayan   Bulacan ,14.730750,120.961339,9/14/2016,11:18 AM,1,7.01,,76,31,,540000,, - ,0.186,1.572,89
5,Meymart Bridge  Brgy. Zamora  Meycauayan   Bulacan ,14.736142,120.958150,9/14/2016,11:35 AM,0.8,6.98,,65,33,,3500000,, - ,< 0.048*,1.355,99
CY 2016 OCTOBER,,,,,,,,,,,,,,,,,
1,Perez Bridge   Brgy. Perez   Meycauayan   Bulacan ,14.758217,120.989964,10/24/2016,12:30 PM,3.3,7.95,,23,25,,35000000,,,0.206,0.13,30
2,Expressway Bridge   Brgy. Langka   Meycauayan   Bulacan ,14.739206,120.976297,10/24/2016,12:50 PM,0.9,7.89,,90,36,,920000000,,,0.097,0.112,79
3,Viente Reales Bridge   Brgy. Viente Reales   Valenzuela City   MM ,14.730028,120.965119,10/24/2016,1:18 PM,0.5,7.92,,74,33,,>160000000,,,0.067,0.113,129
4,McArthur Highway   Brgy. Banga   Meycauayan   Bulacan ,14.730750,120.961339,10/24/2016,1:35 PM,0.5,7.89,,107,37,,35000000,,,0.058,0.085,129
5,Meymart Bridge  Brgy. Zamora  Meycauayan   Bulacan ,14.736142,120.958150,10/24/2016,1:59 PM,0.5,7.88,,87,38,,54000000,,,0.49,0.105,69
CY 2016 NOVEMBER,,,,,,,,,,,,,,,,,
1,Perez Bridge   Brgy. Perez   Meycauayan   Bulacan ,14.758217,120.989964,11/10/2016,10:38 AM,1.3,7.98,,46,23,,9200000,,,0.074,2.774,99
2,Expressway Bridge   Brgy. Langka   Meycauayan   Bulacan ,14.739206,120.976297,11/10/2016,11:00 AM,1.5,8.01,,70,32,,2400000,,,<0.048*,1.278,854
3,Viente Reales Bridge   Brgy. Viente Reales   Valenzuela City   MM ,14.730028,120.965119,11/10/2016,11:21 AM,0.9,7.99,,85,19,,54000,,,<0.048*,1.404,993
4,McArthur Highway   Brgy. Banga   Meycauayan   Bulacan ,14.730750,120.961339,11/10/2016,11:41 AM,0.5,7.97,,81,32,,16000000,,,<0.048*,1.020,993
5,Meymart Bridge  Brgy. Zamora  Meycauayan   Bulacan ,14.736142,120.958150,11/10/2016,11:59 AM,0.6,7.89,,72,27,,46000,,,<0.048*,1.437,1092
CY 2016 DECEMBER,,,,,,,,,,,,,,,,,
1,Perez Bridge   Brgy. Perez   Meycauayan   Bulacan ,14.758217,120.989964,NO SAMPLING CONDUCTED,,,,,,,,,,,,,
2,Expressway Bridge   Brgy. Langka   Meycauayan   Bulacan ,14.739206,120.976297,,,,,,,,,,,,,,
3,Viente Reales Bridge   Brgy. Viente Reales   Valenzuela City   MM ,14.730028,120.965119,,,,,,,,,,,,,,
4,McArthur Highway   Brgy. Banga   Meycauayan   Bulacan ,14.730750,120.961339,,,,,,,,,,,,,,
5,Meymart Bridge  Brgy. Zamora  Meycauayan   Bulacan ,14.736142,120.958150,,,,,,,,,,,,,,
,,,,,,,,,,,,,,,,,
CY 2017 JANUARY,,,,,,,,,,,,,,,,,
1,Perez Bridge   Brgy. Perez   Meycauayan   Bulacan ,14.758217,120.989964,1/11/2017,11:10 AM,2.8,7.1,26.2,39,23,40,170000,,,<0.048*,2.757,83
2,Expressway Bridge   Brgy. Langka   Meycauayan   Bulacan ,14.739206,120.976297,1/11/2017,11:30 AM,1.0,6.9,26.8,139,17,25,24000000,,,0.421,1.444,787
3,Viente Reales Bridge   Brgy. Viente Reales   Valenzuela City   MM ,14.730028,120.965119,1/11/2017,11:51 AM,0.9,7.01,27.2,120,17,30,13000000,,,0.608,1.391,826
4,McArthur Highway   Brgy. Banga   Meycauayan   Bulacan ,14.730750,120.961339,1/11/2017,12:16 PM,0.9,6.95,26.9,117,17,40,9200000,,,0.197,1.231,777
5,Meymart Bridge  Brgy. Zamora  Meycauayan   Bulacan ,14.736142,120.958150,1/11/2017,12:37 PM,0.8,7.02,27.3,116,17,30,24000000,,,0.264,1.160,826
CY 2017 FEBRUARY,,,,,,,,,,,,,,,,,
1,Perez Bridge   Brgy. Perez   Meycauayan   Bulacan ,14.758217,120.989964,2/16/2017,11:04 AM,4.48,7.15,26.1,73,21,80,6300000,,,0.305,5.051, 146 
2,Expressway Bridge   Brgy. Langka   Meycauayan   Bulacan ,14.739206,120.976297,2/16/2017,11:14 AM,0.65,7.19,29.6,150,110,150,16000000,,,<0.048*,1.6, 175 
3,Viente Reales Bridge   Brgy. Viente Reales   Valenzuela City   MM ,14.730028,120.965119,2/16/2017,12:05 PM,0.76,7.20,27.0,116,42,40,16000000,,,<0.048*,1.264, 68 
4,McArthur Highway   Brgy. Banga   Meycauayan   Bulacan ,14.730750,120.961339,2/16/2017,12:26 PM,0.60,7.31,28.7,120,61,60,9200000,,,<0.048*,1.433," 1,098 "
5,Meymart Bridge  Brgy. Zamora  Meycauayan   Bulacan ,14.736142,120.958150,2/16/2017,12:50 PM,0.68,7.42,29.5,125,39,80,4600000,,,<0.048*,1.502," 2,283 "
CY 2017 MARCH,,,,,,,,,,,,,,,,,
1,Perez Bridge   Brgy. Perez   Meycauayan   Bulacan ,14.758217,120.989964,3/8/2017,9:53 AM,0.89,7.81,27.70,81,21,75,17000000,,,0.185,4.606,119
2,Expressway Bridge   Brgy. Langka   Meycauayan   Bulacan ,14.739206,120.976297,3/8/2017,10:21 AM,0.98,7.43,31.03,96,50,200,11000000,,,0.207,2.185,1390
3,Viente Reales Bridge   Brgy. Viente Reales   Valenzuela City   MM ,14.730028,120.965119,3/8/2017,10:43 AM,0.85,7.42,31.10,84,25,150,11000000,,,0.166,2.133,1290
4,McArthur Highway   Brgy. Banga   Meycauayan   Bulacan ,14.730750,120.961339,3/8/2017,11:05 AM,0.60,7.42,31.20,122,76,250,17000000,,,0.082,2.383,1171
5,Meymart Bridge  Brgy. Zamora  Meycauayan   Bulacan ,14.736142,120.958150,3/8/2017,11:25 AM,0.51,7.37,29.80,70,22,125,9200000,,,<0.048*,0.89,2432
CY 2017 APRIL,,,,,,,,,,,,,,,,,
1,Perez Bridge   Brgy. Perez   Meycauayan   Bulacan ,14.758217,120.989964,4/5/2017,11:12 AM,1.30,7.36,27.6,65,16,60,22000000,,,0.313,3.905,79
2,Expressway Bridge   Brgy. Langka   Meycauayan   Bulacan ,14.739206,120.976297,4/5/2017,11:33 AM,0.50,7.05,28.5,62,29,75,5400000,,,0.239,1.541,2233
3,Viente Reales Bridge   Brgy. Viente Reales   Valenzuela City   MM ,14.730028,120.965119,4/5/2017,11:53 AM,0.75,7.15,28.9,64,25,75,3500000,,,0.294,1.69,2134
4,McArthur Highway   Brgy. Banga   Meycauayan   Bulacan ,14.730750,120.961339,4/5/2017,12:15 PM,0.80,7.11,30.1,64,27,100,350000,,,0.201,1.669,2680
5,Meymart Bridge  Brgy. Zamora  Meycauayan   Bulacan ,14.736142,120.958150,4/5/2017,12:34 PM,0.25,7.01,29.7,73,26,125,9200000,,,0.354,1.688,1985
CY 2017 MAY,,,,,,,,,,,,,,,,,
1,Perez Bridge   Brgy. Perez   Meycauayan   Bulacan ,14.758217,120.989964,5/4/2017,11:01 AM,1.50,7.72,31.20,45,27,50,700000,,,<0.048*,3103,89
2,Expressway Bridge   Brgy. Langka   Meycauayan   Bulacan ,14.739206,120.976297,5/4/2017,11:22 AM,0.70,7.11,33.38,24,26,80,2400000,,,<0.048*,1578,1141
3,Viente Reales Bridge   Brgy. Viente Reales   Valenzuela City   MM ,14.730028,120.965119,5/4/2017,11:43 AM,0.80,7.18,33.40,36,37,60,9200000,,,<0.048*,1598,1191
4,McArthur Highway   Brgy. Banga   Meycauayan   Bulacan ,14.730750,120.961339,5/4/2017,12:05 PM,0.70,7.15,32.90,28,36,100,7000000,,,<0.048*,1585,1042
5,Meymart Bridge  Brgy. Zamora  Meycauayan   Bulacan ,14.736142,120.958150,5/4/2017,12:24 PM,0.26,7.13,32.58,36,76,80,3500000,,,<0.048*,1863,1141
CY 2017 JUNE,,,,,,,,,,,,,,,,,
1,Perez Bridge   Brgy. Perez   Meycauayan   Bulacan ,14.758217,120.989964,6/2/2017,10:34 AM,0.78,7.75,30.40,43,13,80,4600000,,,0.095,3.758,137
2,Expressway Bridge   Brgy. Langka   Meycauayan   Bulacan ,14.739206,120.976297,6/2/2017,10:53 AM,0.38,7.15,33.30,31,24,150,3500000,,,0.756,1.285,1269
3,Viente Reales Bridge   Brgy. Viente Reales   Valenzuela City   MM ,14.730028,120.965119,6/2/2017,11:13 AM,0.15,7.09,32.90,37,16,100,54000000,,,0.652,1.210,1367
4,McArthur Highway   Brgy. Banga   Meycauayan   Bulacan ,14.730750,120.961339,6/2/2017,11:34 AM,0.15,7.11,33.80,63,28,125,1700000,,,0.637,1.315,1416
5,Meymart Bridge  Brgy. Zamora  Meycauayan   Bulacan ,14.736142,120.958150,6/2/2017,11:53 AM,0.10,7.08,32.98,95,22,150,5400000,,,1.482,1.387,1318
CY 2017 JULY,,,,,,,,,,,,,,,,,
1,Perez Bridge   Brgy. Perez   Meycauayan   Bulacan ,14.758217,120.989964,7/19/2017,10:20 AM,1.20,7.44,27.60,93,30,80,2400000,,,0.188,1.884,68
2,Expressway Bridge   Brgy. Langka   Meycauayan   Bulacan ,14.739206,120.976297,7/19/2017,10:40 AM,0.42,7.28,29.10,70,39,150,5400000,,,0.086,1.613,244
3,Viente Reales Bridge   Brgy. Viente Reales   Valenzuela City   MM ,14.730028,120.965119,7/19/2017,11:01 AM,0.06,7.31,29.35,71,30,150,9200000,,,<0.048*,1.641,127
4,McArthur Highway   Brgy. Banga   Meycauayan   Bulacan ,14.730750,120.961339,7/19/2017,11:23 AM,0.10,7.3,29.20,100,28,150,5400000,,,<0.048*,1.648,137
5,Meymart Bridge  Brgy. Zamora  Meycauayan   Bulacan ,14.736142,120.958150,7/19/2017,11:42 AM,0.12,7.26,29.10,77,24,150,5400000,,,<0.048*,1.536,146
CY 2017 AUGUST,,,,,,,,,,,,,,,,,
1,Perez Bridge   Brgy. Perez   Meycauayan   Bulacan ,14.758217,120.989964,8/9/2017,10:17 AM,0.38,7.73,30.3,23,22,40,5400000,,,<0.048*,2.266,73
2,Expressway Bridge   Brgy. Langka   Meycauayan   Bulacan ,14.739206,120.976297,8/9/2017,10:52 AM,0.49,7.15,34.05,91,35,100,2400000,,,<0.048*,1.351,83
3,Viente Reales Bridge   Brgy. Viente Reales   Valenzuela City   MM ,14.730028,120.965119,8/9/2017,11:20 AM,0.34,7.00,31.90,89,29,40,16000000,,,<0.048*,1.149,29
4,McArthur Highway   Brgy. Banga   Meycauayan   Bulacan ,14.730750,120.961339,8/9/2017,11:44 AM,0.35,7.01,31.60,46,13,100,790000,,,<0.048*,1.469,342
5,Meymart Bridge  Brgy. Zamora  Meycauayan   Bulacan ,14.736142,120.958150,8/9/2017,12:06 PM,0.5,7.06,31.90,44,18,100,790000,,,<0.048*,1.274,854
CY 2017 SEPTEMBER,,,,,,,,,,,,,,,,,
1,Perez Bridge   Brgy. Perez   Meycauayan   Bulacan ,14.758217,120.989964,9/14/2017,10:07 AM,3.18,6.95,28.80,8,21,40,240000,,,0.587,0.698,30.000
2,Expressway Bridge   Brgy. Langka   Meycauayan   Bulacan ,14.739206,120.976297,9/14/2017,10:31 AM,0.80,6.69,28.90,30,20,20,1300000,,,<0.048*,0.648,32
3,Viente Reales Bridge   Brgy. Viente Reales   Valenzuela City   MM ,14.730028,120.965119,9/14/2017,10:50 AM,1.02,6.78,28.80,22,28,20,2100000,,,0.075,0.804,57
4,McArthur Highway   Brgy. Banga   Meycauayan   Bulacan ,14.730750,120.961339,9/14/2017,11:14 AM,0.60,6.96,28.75,20,18,80,17000000,,,<0.048*,0.670,35
5,Meymart Bridge  Brgy. Zamora  Meycauayan   Bulacan ,14.736142,120.958150,9/14/2017,11:33 AM,0.50,6.79,28.80,22,27,100,35000000,,,<0.048*,0.692,32
CY 2017 OCTOBER,,,,,,,,,,,,,,,,,
1,Perez Bridge   Brgy. Perez   Meycauayan   Bulacan ,14.758217,120.989964,10/12/2017,11:05 AM,3.95,6.98,28.63,11,35,40,3500000,,,0.505,0.760,36
2,Expressway Bridge   Brgy. Langka   Meycauayan   Bulacan ,14.739206,120.976297,10/12/2017,11:25 AM,0.80,7.03,28.90,36,9,80,9200000,,,0.277,0.911,57
3,Viente Reales Bridge   Brgy. Viente Reales   Valenzuela City   MM ,14.730028,120.965119,10/12/2017,11:44 AM,0.61,7.08,29.10,42,8,80,24000000,,,0.189,0.698,59
4,McArthur Highway   Brgy. Banga   Meycauayan   Bulacan ,14.730750,120.961339,10/12/2017,12:05 PM,0.60,7.10,29.20,38,21,80,2200000,,,0.096,0.975,76
5,Meymart Bridge  Brgy. Zamora  Meycauayan   Bulacan ,14.736142,120.958150,10/12/2017,12:24 PM,0.59,7.10,29.20,65,18,80,9200000,,,0.144,0.953,65
CY 2017 NOVEMBER,,,,,,,,,,,,,,,,,
1,Perez Bridge   Brgy. Perez   Meycauayan   Bulacan ,14.758217,120.989964,11/27/2017,11:25 AM,1.05,7.42,28.40,68,24,100,24000000,,,0.440,3.620,1754
2,Expressway Bridge   Brgy. Langka   Meycauayan   Bulacan ,14.739206,120.976297,11/27/2017,11:44 AM,0.50,7.12,30.55,44,12,200,2600000,,,0.061,1.917,794
3,Viente Reales Bridge   Brgy. Viente Reales   Valenzuela City   MM ,14.730028,120.965119,11/27/2017,12:04 PM,0.10,7.20,30.70,52,18,200,17000000,,,0.117,1.881,872
4,McArthur Highway   Brgy. Banga   Meycauayan   Bulacan ,14.730750,120.961339,11/27/2017,12:24 PM,0.27,7.24,30.80,46,10,200,5400000,,,0.168,1.827,794
5,Meymart Bridge  Brgy. Zamora  Meycauayan   Bulacan ,14.736142,120.958150,11/27/2017,12:43 PM,0.25,7.18,30.80,61,10,200,7000000,,,0.145,1.755,951
CY 2017 DECEMBER,,,,,,,,,,,,,,,,,
1,Perez Bridge   Brgy. Perez   Meycauayan   Bulacan ,14.758217,120.989964,NO SAMPLING CONDUCTED,,,,,,,,,,,,,
2,Expressway Bridge   Brgy. Langka   Meycauayan   Bulacan ,14.739206,120.976297,,,,,,,,,,,,,,
3,Viente Reales Bridge   Brgy. Viente Reales   Valenzuela City   MM ,14.730028,120.965119,,,,,,,,,,,,,,
4,McArthur Highway   Brgy. Banga   Meycauayan   Bulacan ,14.730750,120.961339,,,,,,,,,,,,,,
5,Meymart Bridge  Brgy. Zamora  Meycauayan   Bulacan ,14.736142,120.958150,,,,,,,,,,,,,,
,,,,,,,,,,,,,,,,,
,,,,,,,,,,,,,,,,,
CY 2018 JANUARY,,,,,,,,,,,,,,,,,
1,Perez Bridge   Brgy. Perez   Meycauayan   Bulacan ,14.758217,120.989964,1/25/2018,11:41 AM,0.80,7.30,27.80,108,36,50,2200000,,,<0.048*,3.677,122
2,Expressway Bridge   Brgy. Langka   Meycauayan   Bulacan ,14.739206,120.976297,1/25/2018,12:01 PM,0.25,6.82,28.40,128,43,50,5400000,,,<0.048*,1.885,536
3,Viente Reales Bridge   Brgy. Viente Reales   Valenzuela City   MM ,14.730028,120.965119,1/25/2018,12:46 PM,0.31,6.89,28.60,120,52,50,5400000,,,<0.048*,1.777,488
4,McArthur Highway   Brgy. Banga   Meycauayan   Bulacan ,14.730750,120.961339,1/25/2018,12:36 PM,0.33,6.90,28.40,114,59,50,17000000,,,<0.048*,1.740,546
5,Meymart Bridge  Brgy. Zamora  Meycauayan   Bulacan ,14.736142,120.958150,1/25/2018,12:55 PM,0.20,6.90,28.50,115,63,50,940000,,,<0.048*,1.732,595
CY 2018 FEBRUARY,,,,,,,,,,,,,,,,,
1,Perez Bridge   Brgy. Perez   Meycauayan   Bulacan ,14.758217,120.989964,2/22/2018,11:58 AM,0.30,6.54,28.30,104,57,75,35000000,,,0.092,5.420, 156 
2,Expressway Bridge   Brgy. Langka   Meycauayan   Bulacan ,14.739206,120.976297,2/22/2018,12:20 PM,0.66,6.64,31.70,88,68,250,24000000,,,<0.048*,2.480, 205 
3,Viente Reales Bridge   Brgy. Viente Reales   Valenzuela City   MM ,14.730028,120.965119,2/22/2018,12:53 PM,0.63,6.59,29.50,133,77,60,92000000,,,<0.048*,1.476, 98 
4,McArthur Highway   Brgy. Banga   Meycauayan   Bulacan ,14.730750,120.961339,2/22/2018,1:14 PM,0.89,7.01,30.60,74,89,80,54000000,,,0.057,2.294," 2,585 "
5,Meymart Bridge  Brgy. Zamora  Meycauayan   Bulacan ,14.736142,120.958150,2/22/2018,1:35 PM,0.69,7.27,32.20,74,112,60,430000,,,<0.048*,2.419," 3,755 "
CY 2018 MARCH,,,,,,,,,,,,,,,,,
1,Perez Bridge   Brgy. Perez   Meycauayan   Bulacan ,14.758217,120.989964,NO SAMPLING CONDUCTED,,,,,,,,,,,,,
2,Expressway Bridge   Brgy. Langka   Meycauayan   Bulacan ,14.739206,120.976297,,,,,,,,,,,,,,
3,Viente Reales Bridge   Brgy. Viente Reales   Valenzuela City   MM ,14.730028,120.965119,,,,,,,,,,,,,,
4,McArthur Highway   Brgy. Banga   Meycauayan   Bulacan ,14.730750,120.961339,,,,,,,,,,,,,,
5,Meymart Bridge  Brgy. Zamora  Meycauayan   Bulacan ,14.736142,120.958150,,,,,,,,,,,,,,
CY 2018 APRIL,,,,,,,,,,,,,,,,,
1,Perez Bridge   Brgy. Perez   Meycauayan   Bulacan ,14.758217,120.989964,4/16/2018,11:28 AM,1.10,8,29.10,93,28,60,9.20E+06,,,<0.048,4.281,141
2,Expressway Bridge   Brgy. Langka   Meycauayan   Bulacan ,14.739206,120.976297,4/16/2018,11:43 AM,0.11,7.35,33.10,78,44,20,1.40E+06,,,0.247,1.842,4222
3,Viente Reales Bridge   Brgy. Viente Reales   Valenzuela City   MM ,14.730028,120.965119,4/16/2018,12:02 PM,0.15,7.33,32.80,68,34,80,4.90E+05,,,0.360,1.848,4106
4,McArthur Highway   Brgy. Banga   Meycauayan   Bulacan ,14.730750,120.961339,4/16/2018,12:22 PM,0.18,7.32,32.15,56,28,60,7.90E+05,,,0.147,1.788,5193
5,Meymart Bridge  Brgy. Zamora  Meycauayan   Bulacan ,14.736142,120.958150,4/16/2018,12:39 PM,0.13,7.29,32.25,68,20,30,2.30E+05,,,0.335,1.916,5193
CY 2018 MAY,,,,,,,,,,,,,,,,,
1,Perez Bridge   Brgy. Perez   Meycauayan   Bulacan ,14.758217,120.989964,5/16/2018,11:31 AM,2.89,8.03,29.7,38,9,40,5.40E+07,,,<0.048,2.603,98
2,Expressway Bridge   Brgy. Langka   Meycauayan   Bulacan ,14.739206,120.976297,5/16/2018,11:50 AM,0.38,7.49,31.4,38,31,30,1.40E+06,,,0.188,1.226,5185
3,Viente Reales Bridge   Brgy. Viente Reales   Valenzuela City   MM ,14.730028,120.965119,5/16/2018,12:10 PM,0.25,7.51,31.5,73,25,30,1.70E+06,,,<0.048,1.391,6026
4,McArthur Highway   Brgy. Banga   Meycauayan   Bulacan ,14.730750,120.961339,5/16/2018,12:31 PM,0.30,7.53,31.8,45,21,30,7.90E+05,,,0.123,1.341,4998
5,Meymart Bridge  Brgy. Zamora  Meycauayan   Bulacan ,14.736142,120.958150,5/16/2018,12:49 PM,0.48,7.47,31.9,45,32,20,7.90E+05,,,<0.048,1.307,6400
CY 2018 JUNE,,,,,,,,,,,,,,,,,
1,Perez Bridge   Brgy. Perez   Meycauayan   Bulacan ,14.758217,120.989964,,,,,,,,,,,,,,
2,Expressway Bridge   Brgy. Langka   Meycauayan   Bulacan ,14.739206,120.976297,,,,,,,,,,,,,,
3,Viente Reales Bridge   Brgy. Viente Reales   Valenzuela City   MM ,14.730028,120.965119,,,,,,,,,,,,,,
4,McArthur Highway   Brgy. Banga   Meycauayan   Bulacan ,14.730750,120.961339,,,,,,,,,,,,,,
5,Meymart Bridge  Brgy. Zamora  Meycauayan   Bulacan ,14.736142,120.958150,,,,,,,,,,,,,,
CY 2018 JULY,,,,,,,,,,,,,,,,,
1,Perez Bridge   Brgy. Perez   Meycauayan   Bulacan ,14.758217,120.989964,,,,,,,,,,,,,,
2,Expressway Bridge   Brgy. Langka   Meycauayan   Bulacan ,14.739206,120.976297,,,,,,,,,,,,,,
3,Viente Reales Bridge   Brgy. Viente Reales   Valenzuela City   MM ,14.730028,120.965119,,,,,,,,,,,,,,
4,McArthur Highway   Brgy. Banga   Meycauayan   Bulacan ,14.730750,120.961339,,,,,,,,,,,,,,
5,Meymart Bridge  Brgy. Zamora  Meycauayan   Bulacan ,14.736142,120.958150,,,,,,,,,,,,,,
CY 2018 AUGUST,,,,,,,,,,,,,,,,,
1,Perez Bridge   Brgy. Perez   Meycauayan   Bulacan ,14.758217,120.989964,,,,,,,,,,,,,,
2,Expressway Bridge   Brgy. Langka   Meycauayan   Bulacan ,14.739206,120.976297,,,,,,,,,,,,,,
3,Viente Reales Bridge   Brgy. Viente Reales   Valenzuela City   MM ,14.730028,120.965119,,,,,,,,,,,,,,
4,McArthur Highway   Brgy. Banga   Meycauayan   Bulacan ,14.730750,120.961339,,,,,,,,,,,,,,
5,Meymart Bridge  Brgy. Zamora  Meycauayan   Bulacan ,14.736142,120.958150,,,,,,,,,,,,,,
CY 2018 SEPTEMBER,,,,,,,,,,,,,,,,,
1,Perez Bridge   Brgy. Perez   Meycauayan   Bulacan ,14.758217,120.989964,,,,,,,,,,,,,,
2,Expressway Bridge   Brgy. Langka   Meycauayan   Bulacan ,14.739206,120.976297,,,,,,,,,,,,,,
3,Viente Reales Bridge   Brgy. Viente Reales   Valenzuela City   MM ,14.730028,120.965119,,,,,,,,,,,,,,
4,McArthur Highway   Brgy. Banga   Meycauayan   Bulacan ,14.730750,120.961339,,,,,,,,,,,,,,
5,Meymart Bridge  Brgy. Zamora  Meycauayan   Bulacan ,14.736142,120.958150,,,,,,,,,,,,,,
CY 2018 OCTOBER,,,,,,,,,,,,,,,,,
1,Perez Bridge   Brgy. Perez   Meycauayan   Bulacan ,14.758217,120.989964,,,,,,,,,,,,,,
2,Expressway Bridge   Brgy. Langka   Meycauayan   Bulacan ,14.739206,120.976297,,,,,,,,,,,,,,
3,Viente Reales Bridge   Brgy. Viente Reales   Valenzuela City   MM ,14.730028,120.965119,,,,,,,,,,,,,,
4,McArthur Highway   Brgy. Banga   Meycauayan   Bulacan ,14.730750,120.961339,,,,,,,,,,,,,,
5,Meymart Bridge  Brgy. Zamora  Meycauayan   Bulacan ,14.736142,120.958150,,,,,,,,,,,,,,
CY 2018 NOVEMBER,,,,,,,,,,,,,,,,,
1,Perez Bridge   Brgy. Perez   Meycauayan   Bulacan ,14.758217,120.989964,,,,,,,,,,,,,,
2,Expressway Bridge   Brgy. Langka   Meycauayan   Bulacan ,14.739206,120.976297,,,,,,,,,,,,,,
3,Viente Reales Bridge   Brgy. Viente Reales   Valenzuela City   MM ,14.730028,120.965119,,,,,,,,,,,,,,
4,McArthur Highway   Brgy. Banga   Meycauayan   Bulacan ,14.730750,120.961339,,,,,,,,,,,,,,
5,Meymart Bridge  Brgy. Zamora  Meycauayan   Bulacan ,14.736142,120.958150,,,,,,,,,,,,,,
CY 2018 DECEMBER,,,,,,,,,,,,,,,,,
1,Perez Bridge   Brgy. Perez   Meycauayan   Bulacan ,14.758217,120.989964,,,,,,,,,,,,,,
2,Expressway Bridge   Brgy. Langka   Meycauayan   Bulacan ,14.739206,120.976297,,,,,,,,,,,,,,
3,Viente Reales Bridge   Brgy. Viente Reales   Valenzuela City   MM ,14.730028,120.965119,,,,,,,,,,,,,,
4,McArthur Highway   Brgy. Banga   Meycauayan   Bulacan ,14.730750,120.961339,,,,,,,,,,,,,,
5,Meymart Bridge  Brgy. Zamora  Meycauayan   Bulacan ,14.736142,120.958150,,,,,,,,,,,,,,
,,,,,,,,,,,,,,,,,
"*Effective June 15, 2016, 15 days upon the publication of DENR Administration Order No. 08, Series of 2016: Water Quality Guidelines and General Effluent Standards of 2016, the primary parameters for ambient water monitoring aare: Dissolved Oxygen; pH; Temperature; Biochemical Oxygen Demand; Total Suspended Solids; Color; Chlorides; Phosphates; Nitrates; and Fecal Coliform.",,,,,,,,,,,,,,,,,
0.048 mg/L is the smallest amount that can be detected for Nitrates,,,,,,,,,,,,,,,,,
